rsu_id,ctrl_shared_key_hex
0,28c2a522f968550bf120c35f0ef0dbb830ffd4ea320edb1f97577b0f13616dba
1,a1905b238a2b96455a625e375d6179bc548f0478d3adc3aa7f9830913e959d53
2,f077da01efa73a72deacad947f780fccbf49e1742ce0bdfcb14048bb6e9185ce
3,bd588e180a1a05ec8c9510dd0a6542d4aadafc9e4e0e830ea54f2da025735a7a
4,0f2be1bf68f79a438572e4c52571f6815970dfe624257918f8e45f80c1240638
5,67880068514fa3abd68cce989d7321935c303ef78cd10e26af43241a444f006b
6,6d32596a4506887407d48965e96afa52b1a02fa7c916e304ebc9d098e92312ed
7,e57babbdd91941823442f7ce097f0cece308c977c631c0965fe5790481d90fb0
8,29aef78ce5be888cc199c1a1d6cc8f33aa6b395d2a5db6cdb7cddb095a35d376
9,df567d29b61afcf94bde318b53aeb683d57d767c79f97c52959afc8cf35bbf74
10,682cf196d67862aa8a255701ae2b762bfb098144e62231b5d2d5b5bd4a9b405c
11,8ecafc8b7ba726e30aa6dc47e86f5d67e9596dda6ba6c1bab0f77727bea9e467
12,691b58be0dc6d951e0b4cde31ba901c1f8795e49e754c6114dabb8bf896dcb05
13,836a53b67705e00087d9aec7f32bafaef9773652b9222ff86bf73422b15d50cb
14,fcb1c4207cad67dfa4857d3a7bfc6b1732d49a859d2235873ffe16ab173b4750
15,ab099e0d7ecf2b18f668baec83283f63f935d5c4bf2f90fb3c8e4fe9b96ac7ef
16,2f3c0705321569920e5fd18f7619a24d8297acf143a01acae0a66bfb506a6bc1
17,4c7e35996075ef6db7fd5e101b1ee137d2b7a47e4ec8520d27977c27fa1c1fc6
18,6aaf3e1ee10e2cca5480a0a759b21a566159a414732d028fa4c7b5e53d069d62
19,c20a25840d578276a76706f585e07b55d086d96bf3cf5c95a7e3a76fa4b0346e
20,253e345972f8cd135ca0ff8dcfe26bf53c77c3ad1e33bffeb19147e5de9ed545
21,d4b20b57ba4e4f931a3cb7d1a0883a96be9ffa3a60bd28c4fe8f516c19a02220
22,799b334bf42616292353cf66bf4310e589a876994bb844958428829f05d57a9c
23,a8a55e6ff046cae22c9e63c755124c1d22b5b6526ae0c89d6877217d7c6b6994
24,2342e16ad114aa9ef99a50859395b0e80363c17f355427fe068300cd6f8064e6
25,326986786c651690eee0e8011370fad5747b2a475e0280c6c2ba54a4f9783e7e
26,f0d2e54638729d1852a882dade1a0dadd689f21a262a8b3b6c401fbe228f7aa9
27,74e771dee03c2f32d06d1ffe2430c52eccafd7d1497d12542f0b4d2480c0ad60
28,96818260bcfd3dc7d7d01076c4a52c8a909ad6f73f94fdc0a052b43c762ed742
29,62e4cfccc2b8b1360abc2d7bb5169356547eeb9d00a4415d15736e9614dad9ff
30,c0817fb7277f5ea3abb01a3405d9cef00bafd1dc88d65fbae1a0d401c129232d
31,7e219f27b2267bb7b200b01fe9ec545deffe7b0444cc6ed898abb8423f4f5684
32,585e608750b13bc105fa48b93146814b0b2d737b63c0bfb16d5ead3fdaa39ced
33,a0cba2204d3e125271df251ce1c7785a7abf49f92b7e8f7fa1bb32fa5a1c9318
34,9f73dbf3ca18fcc0423c1e8fd4ae00d35a006567cc433cb3ac36aa3b02d683ac
35,871acb09e91f83a371f410fe6cb72a1173bf1e7085e152ef9ce130ddb8d0e783
36,4d6440cc40ba118104189621c7f7ec962aaad01ff3b77f2c5a7b81476d42a607
37,6a862fc1712c3ade40e2fc43b61c0ed70091ce86665d3820d53c4b6400f4841a
38,6af486272599336efb93c0f2f7827c9e87ae4415f732fc35a2465462ddb351fd
39,9157a02ade3f5f694e3337ae2e2852477e7fc0386ed1725d03ffb570e7b7c11e
40,2eb569adcdd0a4b768759a4b4d044d7b165e94879ac463e80c5bd53ad28ea58d
41,e2f97a71e7c1adf3d5adcfa9770c1e183589c81048603e0b7fdbec426ff2396c
42,5ba3e7a6df168ffd983757c043ba15eb4414379f389b0429358edaf30c3fae5a
43,27e82eeddad8b16b5c028049689c27b56305830704e6fa55042936221f28fa3f
44,b2b57ed706c764d420ac49d34b2035616add0687ccf94c8d15f84a2fcd9eabb0
45,7163ecf69f3518b2d625282f384f631177812581f815bc6693c8ec51da140d6c
46,e92145a403fab8cf8b2d76c34a97bfe2a29ad2f5826e5024490a1c0492f73c45
47,606a1eea5721296aff99ef9874cf82b79139bf560ae2520c6e4c58e925efa803
48,4077a00d202150faeafbe87e510553a689be03694adebaa7cfee599f7e7944dd
49,343eede4332b44058e7497baee11085c96802d17123870427a82373809709fef
50,211d89cefba53b95f6b86e46f111c4a419ab04fb555316080dbb2e4e4ce17e1c
51,6318b6bdf7c3dc9a84c48c97768d67e87906e4df4869ac42dcd5653e59e3172c
52,f0e3fdffc2e822756561e170f2b11cb227b846bf8aa412c5075026732571f52a
53,2eb129317048f599b0e21529b206ced249b3d765418e058976b30465a0644a48
54,15032fbbf96d1a121d3fd86b88040027d0bbb67a836d1175524fff266b4cb666
55,ebfd7fa38ae8e23c407651598ed46213df15b101ccab3b7fdd09d2126afe57c2
56,66e41c63af2d9ecc950c718adbab97b4ba5b847a7148c3a277e9763f18208c15
57,d9cbf521e55088a34290047c2c9f62a31fda496142671aaa8886f71f2be1e48c
58,5e906af4d5dceaaef3e52c4b20c1ba299d2ceb14cd98d2245e38dc1c96659cfa
59,90e0ae8d0aef1644d2be6899ec33597e97cba4627c800b0eb992ebe060206d43
60,0b40d44120ba0bc9ba00d2ca0a58c77b272cffec9bfcab59f493895ba1322e18
61,fc327a82655bec9ef219b636e5986db23d80b1f53922fcfa20407c526cf1700a
62,ca091e11284bed6ea87e586629298bcc9ef01b0ba8eda73a2bda670d2b8cef35
63,a85015fb09b64e4bb7403ae3fadf9da6f92625586f4bef6629751d12b205f854
64,fb96ac933842c8ecfd73e78520a4b2c7e61d413836fd214484ff601c9370b727
65,6042c6349199a48797daf1f1726ae585d7cb00c01bed319b8193f56cd404bff1
66,d288b822e1d440ee37ff221a1ef96c92fd20803d5fd5b76f1b00f7f8d3021742
67,649ec2ae274a41c0d63f31d6fe3c27a516edc567ce2a4fa32384c9d8cfa48244
68,b0a6954a575d2938f3241d0176c9908d19c21f7d09d57764810f77c9ab3a45a2
69,18f66122101bcf844999beb508102d502d045ac31a032e1c7bf1ab1e661c5cf4
70,5f641e8703e0d6dcf63a7650924f8131689a82d42eb27e14767c88d73128b5cd
71,d0241fae910f3e23d059cc922a81b721cc196d5350beff092084128a062e47e9
72,1e65f03f84987886b46a4906645ab9f70a11fc21b291891f2c5ce6f85bb7d05f
73,9d4b95b4dc129d3059f8d3203a277d0da3ec4db750de7f2a9d3ac535b62d3ce2
74,03659fec05be7b2d7f5046772a060c569761461ae6b6256e0a0f6d3b5a8b1ac8
75,e5eae0ed0e3c11de65f73dbddc8c40c465d655195a518f5176adc6279c88e41e
76,03d0e3aa6c43995e6c536d5a937dec64a4f5feb753ea05ef9cf6f75751ed9083
77,195a5a3c2b3c22da15d47b6fd59379f6cca198ff7ef89f7df19660919333a037
78,0b6904e149fa3ae71d821f149e85c9147d14ea3404f779de6cbc5ebcd24405de
79,ee92120178450b42a1a402d135749b893e7ddf2b3d0e02cff2a289095f5e01e4
80,ffa3fda6bfdb30db0ec8064c6f5621fb7b4965015db8d51d710325b74c9808db
81,993f4629569e8d8f713c2acbc563cc445378793ffc57e679128f06c1009497d6
82,eb4a9512a609c1cfef4c503b1d9c571c3f744dc060de110e4999805375c91e7e
83,b7a95c61450ec711b20f0fb709103b44c49d10372e7a9839fe52767a6b4800c4
84,5745dfef7d6923176012bfec52c968cae8d7ab48c4565dd365c8825f72dd8069
85,8668e4e7b8198417f87a281e64ada48b43f5dbc4f11f2c7489b629dcc787aba5
86,93bc143e5bda6ad764c69ee6745fb37406272eabe0cfa941daac9585619416a4
87,0f14b65f9ca3b205112ef20a8ce0cb3f0afa8e5658ca92a413f6dbb3bf149d38
88,2f81d7d3f60f8f3c8e9bcb3028ebef653d014314be61615fb7aec2e7f27bc70f
89,0e02e7b3d1ccb5609ae97c9051a6e93e557f3fade19d8c8815fbeedf5a8cd2a4
90,8f436959776d46fe52b308be418e1dbe13bec56ec2a199279e809ecbb46d6aa5
91,cf1a3f396aa587d2e28bf9cbbf4a1e654c288052caee91ebb8527ebbc9167130
92,03d79a6e9a7d726b337c8aa5e42ac23b34cf55f6d0fbfb1bf48dc0f22680ffb6
93,5cedb86c42247309c38b1ded16512fed3159e43501bd5b6922abbbd380f4d6ad
94,4d77dffe8dea4038a64f778f381b2f7f3d45cb60c6c5b784a5d46de88fab434c
95,4cbbd8e31bbdf65331bb4574d9dfcd79b1a885fe54f56dba34afc3d2370ba7ce
96,f75f0be0cb5781e6b9f5bee37ffc8152db291ddfee8382afacd9248f8e3295bf
97,e91d57bec25577a3d337bd2e6a975d96245c842a5cd6dfae6d7423a180110270
98,ff98c42f68eab675d048b17b45e8829e8bc8436b36e5df372070545fc9f78218
99,21447a55cb00f9976cefc96f99b97fce6e05335bdc6392c0b5dc14236cd0e1f8
100,5ea672f1e2018157df7b3fd9ba791dc54c3eb120cce0102a352b4f8486e0f073
101,80f316970438865a8c9d03aa87782e18dc378ed2947ef4a42fdb33203285fdcf
102,f2806b6bb5ba89824efd79bf8c8f59cb8584f8951f37142097a2c421809b5443
103,ecef004b0b4b92d65c7cf5a7c62f481441907bc307faf1743cff62260143f7c8
104,ce0128792d725e0089cb7c87983724935689829624a8fa2148275b2555936468
105,df451527caa05f77de1707d0c064998d8cf7c102c51374d8f74df3fb1d28b75f
106,efcb0214d897fc27694aa24750aada9f0369fc91977154167177726a8675b013
107,1614dfa636189423dd2dd8824e7ea6bac33835d358fd3dc2e940d40d461969e7
108,3f07b5d6a3b8ab7eba2c0a9804bd1481d125774baef6017fb8242303cdab067f
109,363c13a8e47f6e7b66c0cab19b61ad80140edf587393d94ff8e7ef35b25415a0
110,a227d25556d456ac9e70a8f991b19f8364671ba8e235a279080ee8f25bcfaa02
111,ea845e6b12c44c6c05cee714cfad20062e90581a798307b4ce8b6ae5beed64ab
112,09da70f6e09fdd3d12ffbc3169f34d61376860ca218cc1db66f6ae84389dd4a7
113,232e3ac889d596cc6ece25b3b20d79a785baaa9787a1037004901d1524fd635e
114,5fece3a1e32da7e2f58eeca61ef31a1364b374e7ea8b50ee7dfb7cc094093f81
115,564e73215b14cd07ccedae1d3e1f90a6c8ac1c3d36f547f16f5d6ef492e50c04
116,87d618316cfbc51fbded9b32edbe7a3220a7c7c241e7d48f02e82944a04f0224
117,d8214561fd5d414e27ac7de9841e0c3eed75c32465d60d6fbf034dccd5b0445a
118,91e0fee1e6e46d21dda52a86eba8b8b09f45ff33ead05d0c1e924ed8ec57fab9
119,7ab888664c3e1e4ebf0d9b14bf8116f4321db71e488f865651ff62b98a08902a
120,791f25f1803cb8d965f099888a925c9b9c7781f13b119183cb5f91ad7018615f
121,33fe6d293a4a6ced28081131507e84186b8c68451d49dd4f6756e7f66c76cb93
