rsu_id,public_key_hex,private_key_hex,cert_sig_hex,ctrl_shared_key_hex
0,a593d5c6af4d60e1624de696a7acdad9de32676a54c0aba042bbf9c9f005e7c85b6bf98e5e4504255c441cb4247fe4c786263f5fc425d03013b6d7aaa2e22dea,9da21f1c624d595687bdbc7e08200982e4ef32778934998e0a8180aaef0b2a3b,5025b9ec2921f9ea44d053d739ded217e6bf2c4f749bb0baf821aaf242e0c14cf69efb0da97410172b02ebd371d3bc32151b5c74bf3b11b83dd1d8d7e1c06562,28c2a522f968550bf120c35f0ef0dbb830ffd4ea320edb1f97577b0f13616dba
1,472d60cf924ee29d68a2fc70bd9f53bb8700a391f077650641e5a292445c775cc2f12c9b864e2e1b0c16d9c952aca7c200ac15745fa322199d93ce7fb2142dc1,68f3964c718daaa4741227d90237a53c463685683dd4f7275febdf8a846e6d97,baaa10eb1d22a4cf494e034da5d48707a4a2b6b62c5d9ee7d7299f258cfd6096a55cbb63bd39a69792fb45a21b435d2dc4ff348e07df473249d5c7586dc153a8,a1905b238a2b96455a625e375d6179bc548f0478d3adc3aa7f9830913e959d53
2,70af8f5857540317ef10ff7f986b1727bac9a92470894738c06e4c3a77cc228c2cc35bdc07222667588d07a27577bf49a16e4d5c9d650eaa83aea25b8ef59be3,60428f30ca07d323c3c887a3d00ed91fb619beaece791f3fb2c7bb263e051668,cc5c0618172e08f32ca64905523e93dd320d52e5440a7b24e995736e03d3b2a34cf905086e2084479919c5327aabd8337616860fcc8fb457be44939455e98354,f077da01efa73a72deacad947f780fccbf49e1742ce0bdfcb14048bb6e9185ce
3,c08e79cdeebb68e728e5aebd86571d7c6fa0f87a680a578486f61b601d031e0fc663116a166f5c8a1c7b2c2d46f99618402088f9b39972c6f0e46cbf2bda9265,626e9d5c3c6977d84ce6cc615621549238ee7c23a00334f5a66b2e665159b8a4,fb2fd87a744b1599375ccc2a22c97472960152e9e23f969de11bd7fcb96d2ac1a0f29443efdbfcbb29969d0fbec46ee6a8094262b12664384ea57ed5df7eb535,bd588e180a1a05ec8c9510dd0a6542d4aadafc9e4e0e830ea54f2da025735a7a
4,89d7369a4324a23091c229b8d5a472fbe436f26afaacdefc02f1e061111b6ab06500fb73e00ecacf01c52708048dee98d1a74b0dc88c2e2bfc0e47201c0bee4c,d79af22d0c55c7ccba3744143138508fd09aa4cd36805fdbb0a4847f67e8f305,4423e4f9ffe74608ba1c6a29e0a3bea246d6023ba254ed5f406ed72d849bec2883cb1bd6a3e55ffbfe10b292f4b0a77b13609ab1ded5fa999cc78b5b5ede0846,0f2be1bf68f79a438572e4c52571f6815970dfe624257918f8e45f80c1240638
5,09e4943336c7e5348f177bc0e91ec7fc5028323528d5299c7ced8a5d9ecc57a59fa9dbe4034692493f6772d8bc3eb056d64bd222ebc4aedd6cb2ae719a7371b7,5a382163d66490899f7afa0c7536d892f24c02c3437d9010d17d986830888982,4758c765cb75787cfd5f16055973e89c5140738390cb9c25f5b84497a2d139f22c837b937355073efd5395f4648b1eb7e8fdd63cc4464946c4683bd4e80cad44,67880068514fa3abd68cce989d7321935c303ef78cd10e26af43241a444f006b
6,9c98c38757ceacb8a6a3e54b0c111f0bc418182a357344c4a4c1a0847d5d82e647149f20487e16c6e727f11e276c6b28e7ae4f93a383e03ff8374a23d5233bc4,36ddab3b2a39800d84a398c3dc956595988bbf5ef88cb1402fd4f65c574bedb8,f0f3aff0f63678ddfb2b818a3a7d3568fda6be0442dd7e512bbcbf67b58d8e1f4959832dcfb1b72a10cd5e4937f17f623f33ecc8cf28888a7fe976622725e49d,6d32596a4506887407d48965e96afa52b1a02fa7c916e304ebc9d098e92312ed
7,46cd54b3bf900a01ced972c9cf2da71c47c5ae52132e15a794d813352a560f646737311afc13c39dfbeff32b88118fc4ce6813132a8122779762b61868292384,7e5ed2a0b1c999ea0b9d59ecc6d4e02a7f56f16266c68c2f1b7a3d5c3b2a789e,28be5423eccd47f8a512641b713965b6fc7f4195e595f287e33f054b07a7cfe757a2fba7312cf066fc84bc4d1b1b48eda523e4a5480091983803ad39c6ea7fa4,e57babbdd91941823442f7ce097f0cece308c977c631c0965fe5790481d90fb0
8,9d352c9afa3d8893c31af7c07bd94b1f7b0c4614d4b24074e5f9988e92a3cd36f911b6c6caaff37c2fe9b26bc607b2e0d5bfa2e880907f5d8b4879d1dda2a4ec,271ba984c5370a84b6c48612eb97ef8a9b44c7d02d0b0eef81b5c32939052c7c,bd27b4e0abd7ff99dca4633eb29dcdb6404dfa597d39bae0ccb83ece56630c3996e024cfe2b9c44201781d45502db46b0e527277da2f59b28b147addf560a5a6,29aef78ce5be888cc199c1a1d6cc8f33aa6b395d2a5db6cdb7cddb095a35d376
9,2c809bc27f737b19b68600c0947112f6dfedc0591d00818bcfb9b619e3ad81a2b421bb61fe3ee7af895be2c58b6be9ac451d7116b4161f0619e3ef33dcc69f61,b1538a8e3724ba828f29c4a75ed67fbd8c157eee8af27d345ad6e35093090824,4926118460753acb3f32e70708f9a238777b4e0408aacf70ed7950ce6037e06855615a4557d3cb40544cd882f15ab847ca4202df1c8791a7c854731492ee5a1e,df567d29b61afcf94bde318b53aeb683d57d767c79f97c52959afc8cf35bbf74
10,0aab3d61e784f889c57a62ab06c46901feaf4552cdfbce66d899b19ddb865f915e3a47391484623008f0de9614914e374dd214981d7f0d59d5d5212c7192ca8e,6e0236254e445da959dd16e04bfdad060a3198e4e182cc4e589ce636052211f0,3ebb22629154f22befa7e6d39a87e68142d813e393ead687dee16452fb85eaeab1b8e68afa741f4d4dba0a2096f7d9432719c1a4d87c4cd2f6849ba06a22fb53,682cf196d67862aa8a255701ae2b762bfb098144e62231b5d2d5b5bd4a9b405c
11,8615a3a404b8086d3ea4439a926a339c80fad8c916b70b2ef30de8c17302cb641bcc8528397ffd2bb681a3ff4d2876bf32728710230155a8df1d0604c2c0b81b,a5f25c288c81ad42783385ebca9ad2dfa2cbd468b73670a20d0f6a92bb1f68d5,e3fbef67675af0445c9cadce6b6305d490330a61a375dc4b7b62d3fb846dfd27582307d93ae06e91dcfd3324033054021de32b7e1d9ea1414895ae93596154ac,8ecafc8b7ba726e30aa6dc47e86f5d67e9596dda6ba6c1bab0f77727bea9e467
12,8451018ec04333767b1fbaf58728bbf26a530cb8d4af48bea72e2f598a7fcf40a349ba1271320f98147688e87aa4d175db024c0a448943fdc1fb45441b6c737d,a05f6ef7b10039c3af8d62c7a9678409c04b49116aef9a56cbbb8b68705c45ef,d0c97a2de3c2d8288c94cc910415a3d10aad83b94270366011c79beae6a43d4d1b054368abfeb1e290cdf1d12e713b0b33d32ba3896444b8ee169d7c35469694,691b58be0dc6d951e0b4cde31ba901c1f8795e49e754c6114dabb8bf896dcb05
13,026aae8ec27219ef08bbe2b3f19476d5219f58d5368782851850da75e6c826c57d3efcb5d9b82b12719731af09b1083b229bbdbcfb97a433f3720bc8365e1afb,602fa7e88eba563de19631fe3704218c6e1809ee4dce157829c4e18d9997c268,5cd5779feca140551bb057b84c900e0d225e40d4023930d8b0a2172cbe79b64cf5e31bcda357b292669af58db640529235021ca296e5e62fef241e50b4174992,836a53b67705e00087d9aec7f32bafaef9773652b9222ff86bf73422b15d50cb
14,333a159ef49e6f866e5fb8f994906af8ce6ae18255efd1209b1ca8ffaf18e8d0330d9a6411404b7973c44fb0de5fe01fcaf120286c61edc707bcc712c0cc99f9,b9507da9d14c204ef0c63b6ae81bbd46ec2218dafac6f4f0a3d28b991e12faff,57353a07e0fd3e5331833151b41d8c9e3749ef80a624ac02f1739cc8b1b228ebb059b4c9cc8f9706c2841edaa19f7f6b761f0f31706b520ef7c844cea41b084e,fcb1c4207cad67dfa4857d3a7bfc6b1732d49a859d2235873ffe16ab173b4750
15,af4b7d9c58d171bc14a24bca919bc30f34cf66975fb50310541005c85ca9b5e988b0fdb11760c1b37d4f05686c71d4a099bfe836b7982a0aafdf5fbe1d548f5d,41c30e108b2ea42507d2fa437086f4f8204b8d84b794c66799a147b779e2c962,bfece5675f9f6de46691c68ca86609dcaa9d4234b1cab1d6cb542f95e9a0a7c5f5a75ad2656049c1f10477011d7c965ffe85e4cc2b8b5b228152d5e0eac7bcd3,ab099e0d7ecf2b18f668baec83283f63f935d5c4bf2f90fb3c8e4fe9b96ac7ef
16,27014a10f78b59a36655a6a66bc5aa5ab23e29e6ec0820699a70be30dd6bed04cc2ad2dab6ddc68d5204bb0431e6f653de912d04466bdbcffb635eeea3194776,b6529f9e3edabc29b6f0adf86f2b1498951243751d580212b4be02325bc24323,f352f4f95513cfddc63bc1ad277de4dc4bdf7d5aa6f4ed6cd2011ba121eada1f2fae1cac1de51259cdffeba4f4304a2323adc9bffec180c673395b9865867f75,2f3c0705321569920e5fd18f7619a24d8297acf143a01acae0a66bfb506a6bc1
17,deb079bc49bfee28faae7041f79bea57bb2a5876810c926058c889247b7774e92c81e755e8ebea6e8f754f64b55100a710f0edcd4f60923f3fff146b100098df,688412f5e66e65377de2bf9cb54e26a1b11896d41a8780d5d15df1cc2df963a4,4e457af03eaa3f36c291aa8b32c35e35d88fc81d7b79e256d33d5b4b263223b781af91fe51a40f406c35b4f2de37827d088e5eb975fba53f92b51091a8869208,4c7e35996075ef6db7fd5e101b1ee137d2b7a47e4ec8520d27977c27fa1c1fc6
18,8f3556a982cad396c5ed5c527240e71e75c2d854acff30838a87c373a3c08bddbb3c6816ccaa87610e8d65bedb0eb501c92dc2dcefec1c6a5a38f8d4a0d7a5e5,fb3a231dc281a5e8c4b72fecc00a444cf3d079302fc471b948f7868b2e6f98f4,1bbed0710678ac847b07aa7fbafa09f0c1298a4ab48a7b1bef262b9330d9423f9ead4e49402bdbd38e3482713d15a38b450a66011dbe86bd6b7aa101ef4a2c6f,6aaf3e1ee10e2cca5480a0a759b21a566159a414732d028fa4c7b5e53d069d62
19,02f4f3b4819353763c336e24d8d0caeb90d6a0f9e84c526fd25e4683f8869dd39fd3d0d6b7430f492b4c69b4deaaf3fd432ddc5c295dea42e1662aa133bb71f6,4c24131c73673e90c003cde8d61b00e1ad34189c928bba2328866d95408588ba,37b009543ec329a2487413ec2d6f28e094c9414d9a2dcefaf14c7623b133b8f4d95b28328483011f4b5852671bce994de310362514e748e3b64ee11295a3a79c,c20a25840d578276a76706f585e07b55d086d96bf3cf5c95a7e3a76fa4b0346e
20,57ba9c47eaa1dbf8a93cadde053b41b4746ac35bef2f5296a6e5ea5a6d04dc682ed6497d1c43a125bef2be5796caaf94f84fc8d7ed7a8aac3d6871bcda9727f4,6efbbe27ac21fbb29642c02f45467f2b7b46ba32e8a89bd2eacffb8d5a515777,57c85fc9e81fbf72e94c5f5b710d106bb5ab98a9cb70d3d1daf608e1af0055818eaa657dfd00f8165473b0f594e6632126da1dd8c5c13b24c3f01a9ac412a1ed,253e345972f8cd135ca0ff8dcfe26bf53c77c3ad1e33bffeb19147e5de9ed545
21,74df68bb6e16805a3cdae226d92d544e90bce61934011a1331f0f94830e6382e59bb52fd00bdd3fc38340cd1339765c107ccbb23ae96f246698590b4afef2a39,f767638804b0111f1ed2d5fcf91132c1b85d2d09c55b376ad72ce10f2d053315,8774bd033f0fdd2c0623c9b6e9e66e85251e0f88be9184d230a4c5e3c551990b65dca8148423e543b8c366747d5dc38cfd4f7b42001f3527d2c35eb9d62d120e,d4b20b57ba4e4f931a3cb7d1a0883a96be9ffa3a60bd28c4fe8f516c19a02220
22,faa891f5845174a955414629da62995795953e7513931b95b7836673c359faf6386364c6f27910832284b836f61d53e035e15d664758ec12e162eb3cca8e83c1,16cecfe9df94ff323fc4b5fbf2973b6547b76ab8dded934f71a228c413953abb,3b436437ed1ca5ffb9aa435fe20d24c976a33748a15bc07c2a12d3b46ae838292792c72f653d9c2454bcedb788b253759cbb4513ec01e078a3c7e402988da5bd,799b334bf42616292353cf66bf4310e589a876994bb844958428829f05d57a9c
23,e77b4d2e53f4addd84c6daf9791e30e356009d058c4c5949f44cc476a0f8f5531a34490a6e40b323bb1bf6ea5985d7a0597c1e092910fbd027ca3eeef38aadfd,2269111ee4bfd176de22d0a8507cca2868c86f4310ab675792adf703ddee81a8,55353c0a483306b3e2034d85304e0909e9fbbcdbb52707df49cc48329aa0dc8393b7efb6b4e7b10f39fb7500ded111fd214dca761cdc1bcecd501038f396f08f,a8a55e6ff046cae22c9e63c755124c1d22b5b6526ae0c89d6877217d7c6b6994
24,2456d5357c54cf39f52ec8a0fb15d1370d5fadd38719104f6974ead27909c48165a79cdbefda58beeffbd9f46d881aae24c757d4109a94f23042f2598f3c7daa,4b105bc69ffe4bc89480ec88ed4f40a3f0974537a3b8ff63a1f67dfd6cbbd918,f244c4d252e224748a84ea7d81b0a518c07b296663c45b2e110cf16c8d821d61e85a72688506960f4b7073c4ba4ed0556bcf7870fe23f870fa52e01d367a8e26,2342e16ad114aa9ef99a50859395b0e80363c17f355427fe068300cd6f8064e6
25,c3bf5265176544c78e4170d3f678e63475e6c999c2ccbf38f90bd169e89eae0aed1cf8924497a56be82d603e38357385c413de59e39e7d05d29736b93c8a57ef,9e7ef89892afc40b6705fd2cbb85315cda128c44fe67367c2a5b430f7d21edff,c31f749ae435d02da71ed280202ba0d255f5a85f9828ed85ba4a264ff2dbeeb75d3586478c132cf6b1e538b48067a9bdc8492aa275a49cae1e1465b8cff77bbd,326986786c651690eee0e8011370fad5747b2a475e0280c6c2ba54a4f9783e7e
26,cc73952957b07ba2c001819a9f7d3489225581bba5b0aad21ae857dc8ccfa827270e4d83e97f49c86886812689a24a12341a1f77582c70f5b4f7c587289dc5c6,2429a6487238c03cfd263a5333928f8c1068455ad085b356f88753bc75836615,ff9b0b90e2c89421903b527d7ccf8ee7f65316dec5adaa2cfe4f94acfe3ad8323de05c66ae0e8e218576bc28302e5ab17e66fdda02c0f451ea42f604e46d8867,f0d2e54638729d1852a882dade1a0dadd689f21a262a8b3b6c401fbe228f7aa9
27,0f365851fe0f7a7c3278ff42ddedc2eaa087f0d8da9f34a562d3c837833a2f7ae694667fc077ef3468847ad1e4a68b34b8f0998a3dc8b218db157b025caa5153,8ef3fe1fc89f0ee0b6a302466c8f47a5d476994e417e886eb1a142a3bae740c6,4328db4fb5daf356727c0c12ef1f38d6f5e6c6ce30b1a0d6c08d5b92c8f2c8d03dd073200302644e045b7b7e48e9aa0d66cf5f670159533450d334800d7b0e35,74e771dee03c2f32d06d1ffe2430c52eccafd7d1497d12542f0b4d2480c0ad60
28,1a665779ea4084dad8d98ef0aec3b8191d1cbbc9799d1f34eee4db8367004d597ab30b4b76ef2275e8c4d1beb0ba3dbc843c9015bc97c7769023c871932b422e,4f9d3ca1af1af94793f149a8d0c54a779d2932dc92038f963d14f05c189d749c,bda1d747dda1c92599e7b8f94b64dc210a8aadbf7008cc7feee5b07b8e11689f4ff832816b4bb421b9f3f39931dfc13867bfa22209ff090894756e4c2865d2f0,96818260bcfd3dc7d7d01076c4a52c8a909ad6f73f94fdc0a052b43c762ed742
29,38ba8ebff9a3520fd6be615afbb8001de2d3f0f70215d395b6b32cf890be4cb064457d9b7c620b0222fe3493b60ad6b7b419f80512c6026102915452421eb2b8,7f1672dc1a1970328ce94435410b92b561e6f2b2b6a725b9e7687893dafac8b7,041467a3b4f369713c8063c8e8f1f7435a2aa9b4074f9377556087e90e82ad042f5ffb472b8c7d55cf23794bdf8ae7e8637e8cfbebf7571a19df24201fb103d6,62e4cfccc2b8b1360abc2d7bb5169356547eeb9d00a4415d15736e9614dad9ff
30,aaacf758d35ea9a86b5d8feeca231b0922b83607a8ed90cfbe90a69dd4f9e32f3271a1b7bc588add49be834e6c829fc9b8d852eaaa6ee97534f0535b6da4bc6f,0834417330019d13078be9c73b88bfc825cd4aaba204d92999f8a47e213e0538,4c31a3b47c23546a1a865f82ad3f34e8656366b0b48ec7d7f83ee8f8bec0b16c38d090225e102ef91903274209061980bbeb02d19d6c3084cc6dd29b1d792ef1,c0817fb7277f5ea3abb01a3405d9cef00bafd1dc88d65fbae1a0d401c129232d
31,f4359f859291de2f747f9cc3746d47e8182e77cc8541fbc2a42a2766412f6239080f84792344d05de4e175d0f90b054ef6f275b73942f0803942b1ef7c2459d1,21d01afd8478d51cfd7a4dbd4e4742076e9f2fccf938e09303dc57a28409c9ba,ed0cfdbdc45549efda20ad624fd16f573d50429fa0f1b86ed47f2dfe11a6ce23972b634cb84df97ce550c2dbac32d9d5ff240e45d04ba04559a9267daa272c3b,7e219f27b2267bb7b200b01fe9ec545deffe7b0444cc6ed898abb8423f4f5684
32,406230326b6fb38e741162538dd10c672f9b2f1536736b26b8e2b58ca953d720f8b3059383770f1a7e682922151cb1611c609f5b67e4951ec3503b502c166b08,fa00ef269cc340524cd8a9f4dabcbe5c13e14cfb5c090bfef6cce08fe80f9aed,86ecef8443aa96fb88e048175f922c39998bdf0daf605359b0149840ebbdeaa0f137659d8ee38ef3637561a4ad0b2ab5e323d512f2cefd215adb78bdcfc77236,585e608750b13bc105fa48b93146814b0b2d737b63c0bfb16d5ead3fdaa39ced
33,24664e03be774bf8005e261a9c3a225a0ed791d64d18dcde41a435eee053fa00224b16019e7d26700ede8ef2326192ed79069dca0628ef310351a583c83d60bb,15df7d9af9875d83ea9d9a03d6ad9a2bfe6c5b5f103c2db09e26bdf8cd42ff92,f18c0b56947768df6a3c35412051ae29d50e1b588ad44a7f834d2eb3bbab98d8d4e0fce13c1a504b41d3c7f87bc20e94dd6472da23ce22afd5ddd9ac361113c9,a0cba2204d3e125271df251ce1c7785a7abf49f92b7e8f7fa1bb32fa5a1c9318
34,6f3bab4e1e21af309c83609e4f1484895d4656ab03817590245c79e44013a0d70f249db673595d5298e7007012f445c59e7d944d6f5aee1987e1196571672e08,6658795cdc56acc589dcf597e064d8c9968e598596461e9e8f1880959dcbe136,e71d35afc246653fa993981bbe9c3b1b4ea55297eed8538742754ca0d5312f498d2b41c46c5ab9808dcdf2aa1b09484202406119c79f2204dd973a756132b2e5,9f73dbf3ca18fcc0423c1e8fd4ae00d35a006567cc433cb3ac36aa3b02d683ac
35,1d4e234bb5381cb0549b2207846ef0139a3e167a9b8f5917d4a29154e5add9c4b157a4bcd63abff020efec7d0a1bb38c4772afeca275d1475ada97dc5bc189f9,fcbb11d9de2cf18812983e5ddd587aae835ee64c9d9616baab50533042a12bfa,debaef7963ff1a221bef48346836eea7c90569c609ae77b10f302ad8c112d94526a94b581885b690666a5b66ec199038f4457e2ad15f7b06084a9f74ba16bef1,871acb09e91f83a371f410fe6cb72a1173bf1e7085e152ef9ce130ddb8d0e783
36,c6bdb434e709b03ad9883c5b032af8bac9d1b10b52f2932b510a4685edc3f18b19e97b515d2df7c311a3878ea855bf1c171877141f291e6f06e93a5d7b91b599,8c1de7ca20d6d48ae5cf10e1f7cb4563671a82fc32eed167819db9c81718107a,4e4297b624d105d211c0b2e8ef7133d50dc7ba7809920d8d3b93e6043db70e34cab76d0bdb9d6ed6cb625fad7346dfafb7a6ff2185b29fec6794df49c241cf0d,4d6440cc40ba118104189621c7f7ec962aaad01ff3b77f2c5a7b81476d42a607
37,875541a1cf2b6e4a74479551bdb7617f28e47c22857b5cabfa53be91880df342e1b0c39b8c45f3b173c5e98b3b2e11b7784063a9e76a2fd773a7177c9f884bc0,bc7db48de715dab5a7bd9f6cbf06aa2a89cee1c9528ad90de0f83ac0ba896299,395b75f453d5c7676b5c39ef2f0582e65b6e55d72a8cb47d9fa8781ca987796b0ddde67c477be02f58eb215d2cd90e3ff99fcf25f9fa4d616628f1afdf1839be,6a862fc1712c3ade40e2fc43b61c0ed70091ce86665d3820d53c4b6400f4841a
38,66514d0e5d9aa74ba151f5475b94163b99be584008b79b6754ef50af2d101c7d1f6c171dbc9e3364389ddac25274591384ab7b05994397019b7406d70c2fc47a,1fbe4005d24f2c4d80ccf0ae7ce943c70672ee3e18de7d430b47c1c9e3db14ef,ee6624ad4482494108e1b95c7fc581d7e51bff8e033e5ba944c5314cac546ecc21211f9734d47809bf554fcb920709cb7ae7645f34e5df488fada098cca30e51,6af486272599336efb93c0f2f7827c9e87ae4415f732fc35a2465462ddb351fd
39,b6d2aeea8c8173efed6d61f500fc23715e3c65da148de6b05e01a92bd4afac30376471a2325782ead3db090054f16633b6679a5cdca1c3887c344df90feb3bcb,4ab3b0184ada2509b5ff3313bf4254357b6ea5818917e45fc9223be9ce663217,b53cba76668f4d5567a2375310e337ffca53b859cc387cbf165a2b57fa42ec2199d2b5fc2a7eca3b26f07eba07d0ee84cfbc8eec379efe1743640f0de125fbfd,9157a02ade3f5f694e3337ae2e2852477e7fc0386ed1725d03ffb570e7b7c11e
40,c267af07e0edef6eb1f4cd9fef1473608c0b5080d31c82c91ab917da490fc57bd56d6e8ff8e0656d1b989a2bc2350330d54fd12d6ef2c24cb5c61e52d120521d,fe8d5b00fafeb77bda5f6ad383b2bdc9cf094269ef3f4c67f2e863df4faef90f,100ca58bb31b4d4f2037a73c80f532ffa8af6f178eda1dec0083e7025d10ffbc135b9f166774c70e43f19a6944b759723744be9383150fad67ce639978fdfde7,2eb569adcdd0a4b768759a4b4d044d7b165e94879ac463e80c5bd53ad28ea58d
41,2c89c61e146999999fe5a358a461ff990508c79ed849cdc8996112519acde44d0d8aa87ee44266339909d425fca2164dd93079734c04575d2e431300f5c94532,7257bedd97f7134d6e49d14c9811937b9d48cea92569a21d05941da6d52260bb,e829076c2721e9f022b810612b171dda1e9336574c07a63211b032081d3501f58fd5bdf54ac4d3639b34ebf78e5d91462d7a3ddc7f4d620507f309816f21e312,e2f97a71e7c1adf3d5adcfa9770c1e183589c81048603e0b7fdbec426ff2396c
42,08e826ff92f3645a2ba8d979a2e36d49af18c5d9ff8f693f084bb5859e41e7f61d82bcc6de9287fc731c6c64fe1495ea1ed0575346c3f449f24902300c5fa833,c85a94662e46e1758bca2af189d5c266fe5aba92fe703153c70a33e81f9446da,45e5527043f03539044862fbf1a5bd8e0f0cfcb431ed2207e92f0a908ecc3092db4f7f3d14305ec77f561d3b114acc011518b6a2b1ec489adc9f67b42a675b02,5ba3e7a6df168ffd983757c043ba15eb4414379f389b0429358edaf30c3fae5a
43,558b7fdba065b86e93f91853776c0ae0d5779ae5f3e5838543a36ae45e737fddf7beb1ac7e679e3cf16d1742f5d32b3f8754141bac49582ad48457efc1780ffc,1c805b0d29281996485bedd8d851d8c45e88cc69cf23f368aeeeab9ac3ec7bf8,10b8b2329d38413a4d70a4ba54d6e416e907470667a327174212dd69ae279c97434048b220db697d52c9a5348a4f0c25dac36d68fde66f84ce04463292929799,27e82eeddad8b16b5c028049689c27b56305830704e6fa55042936221f28fa3f
44,8ffae4d1c25ba1446dcf3845d02c5dffc01d9f39653af3fbbd07f656fd75965adc6c1810f40c90cb146cac9cfa5152daa9f4ad15c754873629dbb67cd18813f5,261c4d64a256d0f6e9f4e8c89f6947b17aa669bb1fe4e6288a14ac7f738a08b0,b94749476df34aa88163597e5788b78565cd4d30ced6f338997d2cd7134f119dd5114ada55832d0372caef719f6a516456076f581b839db170bf1e2b04085b78,b2b57ed706c764d420ac49d34b2035616add0687ccf94c8d15f84a2fcd9eabb0
45,8bb95f99d4aff89a08a3b2c9c3da6c6de40f8f88924a2257e5888d5d20bd92f89c68f030da7c15a2f7ae833547164d2a5e42bbd653311c638ec25fe8a371a6cf,fd62dd11366e37c313d3bc97506d9e4182a80c175eecbf859ac9a6d93b147eb6,5ba31bd8f98afcff86a5f03bf64ac482a73cd14613a096bb1fba366baa454fb4baa630d1f67b52e9ed88d75ad29959073e8f8cb50f9aec49091a3584f62e1527,7163ecf69f3518b2d625282f384f631177812581f815bc6693c8ec51da140d6c
46,98f32a6068789cf4d2a79f4fe80d69266a9926349a97598756f0034dab57413acb6163c41d8e44de465745dd26688594fc57fc0ebac02a0e22dfe191d18f999b,f7b97584438266202d7eff3a13bcb3bec06ad53fd4e9b0eef9f11f9f5632f78b,09b2bd975fea32bf372872fb383183be7ef39a5a4210d54b78af5685ecc0d35ae2b672823eabb08d9f8a873f8690432b93a3b556cea06bf143476ae38f2a2bd7,e92145a403fab8cf8b2d76c34a97bfe2a29ad2f5826e5024490a1c0492f73c45
47,8dcfde3f2bd616db8885cd82f0ff9bd622200ae758906d6955472957acf29dfe265f7c24df8a9c850213195becaa402c20c85a7c21696ef3434d6a20ede7c3df,0bf996097235258683c2000a60863cd7024f60cc0f7441bb02844037238dde39,9eaf154a0265f32401ea2e26e1c1883a9bd5a36f9e5eecc9c1597278da50bced0ad4233a4cc87839a45bf67feed578f55ebd4bed76e37445c073648fd60e57cb,606a1eea5721296aff99ef9874cf82b79139bf560ae2520c6e4c58e925efa803
48,1166165d471a9582b614af530e5b403ced0c39827ff94813cb156f9913ed0b040abd3614d01d693e606510325629905cce38741a95adac1e9e5b4de0e11e286d,932c3b4b0ab0ab8e3e47313302e107176951f2b675a36a114086a6427bcc2484,131c996914b66dd0a12933e2775be08db435ce321ac0d3b7c8bdd375228f72962bf7c7039dbf40d6096e278a5db572bed836508920cd91b213176bef3293068c,4077a00d202150faeafbe87e510553a689be03694adebaa7cfee599f7e7944dd
49,284a8b70aaf66ef16554ec42b237f922ecdc13df8218779baef3c38c623d8befd01be8ed251335820fb619dd045ccc89a881bc51738b1b0f285659602441bd83,7c03db010d4413bda227bd77ba6bd22d7f7145689bc458bb54dea13e0fb40578,dde0def5e220c2c7d8066c21ced69f7bf84ab33384aaca5a0acb818278049934484796d7f8623556f9d38a3b2a8c9d3da6d0f578cd3d388294043fb456f13664,343eede4332b44058e7497baee11085c96802d17123870427a82373809709fef
50,cb65f9ae01c6a6b3b96d4eb2ead5d6c8978f36d72cbd95bef17b8002012f4e51223730dc0f53e19c66affdb427730fe08d951bb7bb25dc5e2503ab326608780b,c655c3c7bb267e791b316008f130c997583366a8221e0d977f153000f772e545,e8499a151d081bbc9c14c89654d898ecf6c103dfa3d2cfb76d0453ff85ec7393acf388308cebc6c9ee3d999832250b66114ebe60c15d96570999e9a86722295c,211d89cefba53b95f6b86e46f111c4a419ab04fb555316080dbb2e4e4ce17e1c
51,6183caf5b906c526e209e1c4decc30b01a4d6099ac13052322850916654730f4e5f2398866a440e686d803d569eb3d1817e8ac43b7563f0b48a79ff73a94d270,7b5956f0a909b1faf2d71ff3f1f0d33d9f9a97ef98c3708ee88afa78e309e0eb,16ff804ff3810b03075ec5b8e3a1416fa5ab7d1becfa3ff1ab376a2011eec215f7fa1f20c97b9a60329867c904a6e992d1c2ebdb07dc62e6d02e03b4f6b70fde,6318b6bdf7c3dc9a84c48c97768d67e87906e4df4869ac42dcd5653e59e3172c
52,143901870b4d0b4d7daba2df49aaed43a9dd348b77ff0b058fd9d2c978dba89a7b6efd4d7410620e263756890158f4be468362e7dc17d299c5632caf93e91853,f0f3d7a9081e9e8fd1777b706783bcb594c8e635761309edd629027d15c01054,b1c63b5276648fb8dd63a38e80143cd311ee522e89d7d6b7681802693e668414d906c21ad84ec35cfd881135b15130c21442ea154c3c2cddf912be21e3cdd519,f0e3fdffc2e822756561e170f2b11cb227b846bf8aa412c5075026732571f52a
53,755cfdaf3f2173194a6da71f885ab0d19fbfcdfdd81a3949f4274f56bdd6107b24deba26e42ef114176cb99fbd236a3d6ba1d6053bfa85aec256b3f444901ca9,87734087568df282e63a21b11258966a51f89c06b053f0ce413ec7caa809a401,437c563bdbcd5b053e16e47860deb937098d79909da57d627031f16193e280f55e6df693dd58dad543df3f7d6be6c0d1ff5dccf157c708ed89460bb21bb2aa0a,2eb129317048f599b0e21529b206ced249b3d765418e058976b30465a0644a48
54,14fdde2436ac09a79138d837c548b35cf53e776db649dc18d5a786d088d6363caed0d7e7a5bc86aa6a4b813c568f470b4da4f903f314106ebae39ebfe5addb4d,f34ba2d05a5df95c669be275773e78fdb767e44d4b7ad475487c02658c1170a2,e93e02b884516d67e3403d5762ac24c20b0031595086cb20ecb1e9db7e2af638c0b491ed69ee4381391bc814d5927688ccd6eb0f4b9ddaecdcd38881383cdcec,15032fbbf96d1a121d3fd86b88040027d0bbb67a836d1175524fff266b4cb666
55,30ed8bc3cb6c83dfea94bf644817b711fed156a0e6464ff823e03c74005e09d2d7a77c700c96862c76d09f2e64014079e68ad493136af210ebfde90ffb6e15b4,ff9ed0ed5042a44780932beee78e82fdff0936d55ae42c3e65e7cec24dff9a93,e77ca218099d6fb17463d0b5cb92df97a703de66498d36506857748f863ca1dd5dcb3f3531b9c12f61b540ee8695c8702d03be786912e14f262ce0271136b03a,ebfd7fa38ae8e23c407651598ed46213df15b101ccab3b7fdd09d2126afe57c2
56,19865f7724ce22bd467132483458a5c861df89be9fb496e2217da53bc320f632577f5ef6fac0829b9ee7f3a31cfb26b13e07abc219415b186157c9f14efac308,960c4d74bf6c7c2f6aa2515d0273182fdee50f1108dde15773d364c6169595d0,a92a70bf6fb892e853ec9768a64c7f3bf67f8523f5ecc1bb087f2b2536078867801eec8a4d5faebc654e9d84608045e4eae0232a16cebc1d00bb4484937788cc,66e41c63af2d9ecc950c718adbab97b4ba5b847a7148c3a277e9763f18208c15
57,40e47f4d867a30eca7ba1c761ff0249ec27f3a7f0c5dd8cb1e416e1eecd82e0b0293af28538d29e2c50dc023ee1d48ff8cabb677fe2bbebffedc703454ffdf89,04743dced51f74152c17b901e5a4eaafbff1838f5c67da071304d9a2e998fa12,676b02883bb131ce70fdb0527b32b8d863f9adde3f2b2683a66752cb85d86b0aa5ce0e1ff6516ab5ca18a3e482cd92d7c8be8d110afdb63fd228596c13c2c5de,d9cbf521e55088a34290047c2c9f62a31fda496142671aaa8886f71f2be1e48c
58,1a4e62c5d6c61d5355b2faf5bdd8ac28904f4b2d72f0e218b1dd92a098a419549b5b61342f06b6f17fe799f3cdedd9f3be2e571ba73d4fbad4541968ab134729,90f9096e2a2fdbe20f0f9d7e64ececd2130019dcc96bb2655659adb115760f4d,79bb602ef03c4696c37b0b2b143afafacd2b431601d6e25fe96e769a3fa8314fcc44971243446614be799eda2d3cc1022463ec146da2d75e9748777eed263275,5e906af4d5dceaaef3e52c4b20c1ba299d2ceb14cd98d2245e38dc1c96659cfa
59,8a6dbc33461154acaf20a0f1bf45097b471d2b482c6a3e7801d844b47718e356c01cff7ba2ff8e8da4cdbf8dc6b8e44e73c4fe19e68db1f4c9b3f962e7a83303,f091f9bb6c76cf78bcc256e6cc5a3826d4b728ede19268127f48297b20c6f9a4,0a943583256a26a046d166c216130531037a92e929d4e65fce67d04c5416ad41ce390b620e6f0b43f59272f749b2e7762f80daa4fea145a03e4110a5f7f28bb1,90e0ae8d0aef1644d2be6899ec33597e97cba4627c800b0eb992ebe060206d43
60,55630af7711ed0d351c998541d2f89f9b1470ac080a13b8c67d83da24a7bda63b2491088c4a74e613f2c41cab5ed75754116e2216f7c48b219575e00e8aaa328,798b92ef631a112fc47be7f626ddb8aa299171587974d337fdb9f1d7656392ea,6ec4c0361a9a3c84ce94b450341e06df526199fb574f2825f63ed6cb99c97a2a67c7c347539b380aab0f8275b3eb95428e84d37f36ac53dd9801ea466326a69c,0b40d44120ba0bc9ba00d2ca0a58c77b272cffec9bfcab59f493895ba1322e18
61,dbdf07e23c9f5746cb28e0b72d9a681442b649a0a5a7b79a486e9a5d375674652401ac22004ebc0fc1cdc56566c9fcd463247a4b0a3f4b844cf244e8b9c1a566,df23157a8954cecf3d32c5830151c64cee8d14e6d15b11c1228e4c17bdecdfb7,1d9b18631dcf0a06799fd0fae73449bd4d8adf0fa043fec2d4dd9f646b9023e9cfe7028403a3420224114e20c6b5cd544e85d52adc638867e8866a090dad904c,fc327a82655bec9ef219b636e5986db23d80b1f53922fcfa20407c526cf1700a
62,d9ebdb7eebfc0adfd8e8b613aa6af5403a8b52921fc92e8e916c3aeae27c9f7a2fa7509fa58a469bbedc1770a87a37fb1e18d1335e20d4c1888f21cc630d3b0a,34621205cacfd14b67b5e1386e6b5e8ce1dbb3fb3b9f2cac1306a4497096c499,b14a4f540e7c47f6549b8c55d703d6bf1c8576c379013741d051050acd8cb149f6f15e09a3c7581974379d9b1e5254bddd3b9c3ecf626b1152b92ad6602a78d1,ca091e11284bed6ea87e586629298bcc9ef01b0ba8eda73a2bda670d2b8cef35
63,8d2294623869f6c55ff358f1bd1c1b1b40fa07c26e19f31c9e6b1d90a185802ebfb5fe7d5036181cd81ce84599acb6e60e8f44130d2358a092be90def8f72314,515aca5746c37bbb86c70b28383f8ecbce9f7cfa0b754e2b30b260df406d9920,df9e9953a1d55db24d24251079325c897da0d5a32e4606781f9ea07af36b30a6cfd31dd89dc1dca8272b6e6db689f9189f049d783d27c8fb8504037ae810e7c2,a85015fb09b64e4bb7403ae3fadf9da6f92625586f4bef6629751d12b205f854
64,109d28b09cc702737236951779cc17f09f2b89050e241aa40b490d335d3d4e9e92db033d5151aaaab5220842d4a00c166821bd62263427744fe9c7c610db12b7,47186095a8348ef41aed7c34cf231f87077fd3be101fe4de4163e227fcc63e53,7da55bb14db2bd117acabb0b7cde14e1e8650386a5dd0889ef08733a7f054426239cfbe4b00a4c79768e78762e252a64868053a90e08a18edc32ffe0a60c611a,fb96ac933842c8ecfd73e78520a4b2c7e61d413836fd214484ff601c9370b727
65,cb608dd49a1655361e3e4e4b4a1bc4813527168a25766e88d5f14f293930fb35350e4e427abd66c4ab5a7ad59ea84dc0996d99b1ca5c55478b1115b164d288d0,c68b2c40827145c4e43f7e97ca5b8e157f66f6d941dfe1df13301dac7b89dbb0,0da6d312ea7887228fd3afbfefe058c6cae061a2cc03b2019dae6749a10a33a89e8d7a4036be6039b153ca1503eab76deb6057104be27410c4a0fe80f5812125,6042c6349199a48797daf1f1726ae585d7cb00c01bed319b8193f56cd404bff1
66,f292f9dd3e00f841bac5f4cc93b413018bf84beb8f59f0b9f8bc2e543fdf2f7c9e13db20652adec549e77424c806fecc69288c395d7d253ab81a095d51dba631,14ff1219602c39c20e6e8bdb9941b4f09213969019801ad4fcfbac7e6e6d2684,a7809828c1528af96a4c175597c32a555a7c97339c85a71aa0acc70ad07fbd7288bb47d5f85bb4958f7bb43b948b870302a686fda4cc36d5b6c6993597166eac,d288b822e1d440ee37ff221a1ef96c92fd20803d5fd5b76f1b00f7f8d3021742
67,da9d3f1631874d792c38406cc2c86700ab9f86360991030b85046f1cce32fec3ea7c17116c4b50d6211b7f5cfbdd1da969b458a9d01afc21bce642c1d981a0c4,5a2a50cbf20d97ed36f586ab19e3b56e2a8cd8ba2016d0a4812278f53aaa8244,3532996690b5e22973946406fc8a683c1ec35e54801d4c069a207f0fda6bd583116653682ba6704805496f1500bb03b8f53651b3a07574d32778c9278e70f778,649ec2ae274a41c0d63f31d6fe3c27a516edc567ce2a4fa32384c9d8cfa48244
68,a853d1c7d7a90bd3fd9ec9a4f5b2b55292769c011355b6deb4005f1675c669d77c7b3226e7febd2c4e23a04093e0bee8a36eb3e097d0bb3e714c2e00ddb0683c,c96d0ddf49439e5e70bd097a8fe233b4ff204d3ac43c25f9468a1dc357f447e5,426be50e7369bf9c103f607386e04cd0a353101e14fd25e2395a1d68d1d960b3d1dad6bb6f1e3a2bb2b00fd0d19bfc56ed63a8664ea309a1fdc080cc3e389561,b0a6954a575d2938f3241d0176c9908d19c21f7d09d57764810f77c9ab3a45a2
69,965181dafe2c95536e349d9dfb3f0e7b5759cb33bb6c3aa2eb7856474e78a3d014af5712c600874c7209b5e5ed4c0cd7a69f8d49377d5c71af13a6e33c0bd729,bf077936d912c3f9a1e22cbd3728113bed6b9b3c35f37b0c314691e20ddb5a2f,0aa962d74c198684734d01bffe562730191e663a26899ba30eaee18ce4c1a331fe5f139ab99d18a0a739fc8830ac3fc348ee1a0fb48061459a90e4bafe7734ee,18f66122101bcf844999beb508102d502d045ac31a032e1c7bf1ab1e661c5cf4
70,0fee32bc1e67132acdb303cd6d101e669bb7c49f646c117d83f0d601f11ba50f53452da80fc7589d4442816e883211fe8289235c1bd992565e3bf89a3c45e543,c17301744f07cdf742d12b151677ddf8cb1e48692f264a6cfd6277d46c037944,79a3b6d170307d6bd2a8de7b4355d78665093f0c604b7fef80205ede08ae0caea42e5e0dca067411bacd270852ebbdf52c090db840bf0b0bc4342d38d2f42cd2,5f641e8703e0d6dcf63a7650924f8131689a82d42eb27e14767c88d73128b5cd
71,d0ccd1770ed9d696e0c973b2ba975f37adbf328d49c39459412f215c4d05b4337f5f59b5c08dba05419865687218f46f8fee353eef821224f5ae892a855e456d,fbe43d50e4114d9c1150ea162f7074aae95dcac9255c9a46f7220fb3d26eae3f,fa524a32f5db2f43c2c23a845e564093a982be00886802ec3e02e1b8ad8910a8359033480e96be302c700979cc8d9679c1060524d8b2bd0bd3a06d71621103f6,d0241fae910f3e23d059cc922a81b721cc196d5350beff092084128a062e47e9
72,bf32f3c7362d90bcd2d18bd02b8ac5cff5aa96c29c1c6df1e9bec0b2ca8d919e5d4040cb808e92d0e7ee72d40e0ebe380649673101c6f15bc926b6eab7f6abc6,4e9b7fc2ef027112922bc64d34ced7c242ff54e94e672653d314d957260daeb7,48299bbce5290c3c88e6b12ce8bcf811c7fb13c5626171e26a6372fd520a553ea95c880d3a503f09e1c4682bd31e3fcc876c1e52ea4ab9774d3779bc97aba96c,1e65f03f84987886b46a4906645ab9f70a11fc21b291891f2c5ce6f85bb7d05f
73,d25739000a5d6d6f6761f0b40aac0a11ce4ea21abba321f824a1768c909da5db152c98d85d1fc7274c92e85bd36d0fa07970d676806d69f350349d75ef58dcc4,1a3f64422bb68662f0d33806d45355c24cbccf1b324b10401c4343bd1e8d0fc0,273a3e554558bf8ba89f54dfded88fcbe35441c30e0eee6fea71e61d0e55e962fcb266bf92daeb10c744dcb61c8f828234e2ca1c2ce485c90eb02cce659e7df3,9d4b95b4dc129d3059f8d3203a277d0da3ec4db750de7f2a9d3ac535b62d3ce2
74,aac96d73b6098e92b28ad31a0c136285d1233d11be3b335438156556e3d797730887590e046ebd22daa06f1d594360202301404dfd8813fa03d834b7944a4070,940775613740b717c0e49bcbc1add4c218e772301f4ecd18e52bdba30a9a81a4,61111ac34da7bd2e7ec770097fcab2e257b288b38afc8ac2072a8fa5f7e7f4816634e5e3aacd9cc3525199e3be1d48ad6a0e14f124678aee4d987da4faa8d4cb,03659fec05be7b2d7f5046772a060c569761461ae6b6256e0a0f6d3b5a8b1ac8
75,16056bab393b4b7fd3fd83c8fb9ce0d1172120f5372ef5b024f4d794aa782b6d04fe57a51764a5d564570c6fadc8a3e77bf109a00555f4491860aa51ca454fef,05fcc1cc057bb587dd732ef2a3b8ef07026df01482964122f367240268a099de,d912047723936575eb55f1524be641a63d72c85e875725b02a3f2074bd53265315f8cdae5d37042631110938c5c5c74ec8879fd8e33e36e240f4d56875ab86c2,e5eae0ed0e3c11de65f73dbddc8c40c465d655195a518f5176adc6279c88e41e
76,6cad266d4935c4bc87c79a55f4fec296bd7895e8d1ca506fd51655a2bcf29dd06b69d89782de3a017c1f559e5323a6534ca516ecbb8acf9b75000b3d1955f282,5fa60df67a8b18a3e878a9f38a555e69f1d06411c1eaf63e05404e356c77d913,d91708e9fa4fc99441b1e7d2c0a0ca28fab3dd94cfce1d605257af0d76cc7dc6045836053179929500def3d06815bb636295e019c492c31753fe8dc91e772617,03d0e3aa6c43995e6c536d5a937dec64a4f5feb753ea05ef9cf6f75751ed9083
77,58caa210bf6e81d6dacf5a589b60a2270ca4c7089c466e84a369f0e5ad017f111b16ff4875aeb3a253494b52d380acf4ef0ee00f4cf45a44065a2e5832e3ae36,e5a741faf1f971b48711236045ba8966f721fd73bc5936f75e148298b7ad05e6,1bfc4223dbf2b58ecce781bd7d4e58f8a3a90cf9823752e6155caefe179fe77ac8e6b280f52243f82a97216f2edbc2baeea21e2acd8b447f2cd779b19afbe211,195a5a3c2b3c22da15d47b6fd59379f6cca198ff7ef89f7df19660919333a037
78,5702292fee739b58388716d4019cfcd7ceb83ec1e386918465d40ceb841036f6935cbac7d6352bb043998e58850462b1a97ccffb98a43ea96f74e8093268b0cf,ee55685e2de8d48b6593f277678bc48626ce88ec6aadbefc6dbc2d5c2173add1,bd21550edf17c29dbe0a40a896cfd9f4902a4e01df724a8030f2d254004b24cec701bae803c6e94438680e825753fcc54b9559baeb2791a3117b11cf66e86577,0b6904e149fa3ae71d821f149e85c9147d14ea3404f779de6cbc5ebcd24405de
79,4cbe2f0ca42bc01671c98b021bb9374d51e4b457c917b5f46a38c45931d3acd534471d8f59f4ad01204e80bdea8f11e7ef089206bf0c6cfff87abe72ed0e5156,62bd1f5e9464bb16d16a9b0a58032d8276a9ba639bc390fc2bb60c02ca08d234,2d03d4082cf8246248de98038c3138125f0f55042495d5a55986c7de99e101044e5b1954886b202c5b588794a279c59612d10bab934c969a2262ef04ad1f61ab,ee92120178450b42a1a402d135749b893e7ddf2b3d0e02cff2a289095f5e01e4
80,87739945ca652ad1fd485c840bd13a621085897da8afeb6723ea19e33623825e21aa8466fd1bce99001de97d8c47429de979920622870d8761625a7e744e4ae4,54505406a5e9a0844d44e172a165c7ccfae632b9c50f1547e9ca5f138ed8a2f2,e0e2c551ec044e0cec7c5be7121135aed17f442c6497c6608a45c06bc519f65a75ae266b69e94cbab442aafd5372afe382880772b171fd71ef6416d7dfb35931,ffa3fda6bfdb30db0ec8064c6f5621fb7b4965015db8d51d710325b74c9808db
81,d6b1795825ce179762be4d1b0be07c67494f1fdd7d0f6be85d722611c785680605c24d4b499226dab42c83e1bc5e4e676f86bd2cfd0e2ef48cd60f4c898e6f77,b5eb4d3c9fdbf15575c25051a5b5e8dfe2584576f55e96b78476b13e88f1d0fc,9e69dde65afd86b5f4c3405100994c83bb13f1da0b94fef0d0c2f2e64a86ad17f5e46caf5a3211fffdac3e06849f3c79c3860ed6f1718454b6042ae7df290a52,993f4629569e8d8f713c2acbc563cc445378793ffc57e679128f06c1009497d6
82,6bdda02aa691ddddb41bed38f747526fa92c7ad1252a628258e52353116b9a986349b8335a6ddb3db2d2fb845c16c665283f49fd2662fcf73df40674cf0c61d9,065360c761517cae8101ffb6847c2174bc02415d661dba1077ed61c0426f8ec5,84d6d8973afbb9e7722cc5538f29484588a8c31bdcbb638c53d065b42b0308a9929199906a640adb76fd9ea05c4c389ee81947afd0973771213bd928b7756805,eb4a9512a609c1cfef4c503b1d9c571c3f744dc060de110e4999805375c91e7e
83,8545d833231ca9ec9f8910158fe4ad8fd68409eddd045b281e89ecefc3b496b646c9bc46e4c457523331827a6ed19b8846a97ed348972990a07a705712a4ebfc,89cb08364edc4fa2046e6a14bb3172949c22f7434193ae616e5b86a9f5290564,a124545d89e3dfe4fa55d763685b5a5823d9c93b906a625db39814b9793bc91cf04f13f92c965e3abcde7a87bd1d45d1bfeb3dfc0c30299b7d0d8d4522997f8c,b7a95c61450ec711b20f0fb709103b44c49d10372e7a9839fe52767a6b4800c4
84,0e1be288f9148767d4754f085c3bee87e949a72c53f838b2b3aebb1df72366fb8ca60da8835bc919635f394ef2f60b60857999ea98765b1b14589240c0bce593,7c66e3849872ea7fceabae0c5708ac306a2980631cd0e2059eb93e930e61fa1e,6985bca9c97cc18b39cd577ee3aa4d324b25ef3e9f3c82cc32f8059b2c9c7658fe2ff1e11c4f35c7d9b61974a326bd0bbd5acd044e6ce45a76b63b161b393de3,5745dfef7d6923176012bfec52c968cae8d7ab48c4565dd365c8825f72dd8069
85,f04300ebba879e6b90388c9dafffc75bd42b6967ead4dd5430e796fede91e08a46f262c0326946da3a7c816f427f2a784c3f5b0cce64e48f310e56cf7b40dd28,e9797dc9fec70c788f39a7180930e312927bc06fb396f336a8860f07a483e558,4115fe0b25ed003aa8839fbe964b380e2ad7e342cc5abaad35bb2a9897eb8eb9dd5f712c8e778fa8fb1633b875bb39ac4627b726259758c0cba139042f0e499a,8668e4e7b8198417f87a281e64ada48b43f5dbc4f11f2c7489b629dcc787aba5
86,5cb038c2c2c59731fe834d3c1c61ea6811f651a909d8398bcb092057e9c1c62c34b6719b206f2cf6e1431a62ff20542f2867a69ca89ea23727780960c3407a1e,e9e70c65dd785ea41dd6802c5ded9713f9433625eff9c4df4454197d7f5aa804,6b4b7aa9883e65a5b3bc179a60be602af43a21b6fab51b75cc2254b49263023a90282d6119eee0a917d8ef05ba89b1dd30ee75b2d0befdb94d15a444e1f49eb2,93bc143e5bda6ad764c69ee6745fb37406272eabe0cfa941daac9585619416a4
87,1705cfd38b38f951446a5fe1dc9e0713afbae0dd60554a1a06909032f5ced7506e7da6edb436572bc21d726aeab0540deec1411007272aadf03d43cd8ab18948,47f386eab7c2fa28f28b66c6f0b685bf4bad6230cc4a3926abc6fe5ee24fbed7,d46f5e66cd4c2fa4d3e0b13d813f0683ede27e8cfdc4217c6c7caece0b417d7ad9aa6834c7f61e42101d7abba46ff5be61d86e1e1b56ac87ac31eb5c19f4f69c,0f14b65f9ca3b205112ef20a8ce0cb3f0afa8e5658ca92a413f6dbb3bf149d38
88,b9cd52461e5d43a4932f69880a48ddda2ab34fc9d8e3083e36beddf959abdd2e27975e4239e4aedc6cd44488c095d3ff513877e8f7817eab86fa5f753e8b144a,799ac99b5d2583bae853ff773e2198dd3bf92dd152f2f23164cd0e95f77e8dac,42d324a641fefe60bc9b130edc1fd8e14f50d688392b4d6221e33c395190c6b8a2f2cc7b7830c6eb261189b858b0eb31d53f1cf9c33ccedf057f5c3cf14eb0ba,2f81d7d3f60f8f3c8e9bcb3028ebef653d014314be61615fb7aec2e7f27bc70f
89,a091b3d834bb507dbeed41ef5dca4e076b1e69b3276d9259f4b67507ea98e251fc8d2897aeb3f1b7ec1f765090e2af00c58f6824ba975567b6aaa1153e8c1d1f,c20055309d4fe9be83b6e746b3c2db4ce56fba76abbb0e5479de7bbd12484e1f,d81b74c838e5506f39a1f6ff2de997106583acde6e75c8653304f7dec103654ec045e8b329bc4b821d47d446af57ef5e76b16878342c5668dd1604acd140a36d,0e02e7b3d1ccb5609ae97c9051a6e93e557f3fade19d8c8815fbeedf5a8cd2a4
90,bb781460acbce281a0a38724f6aab5b38578a31106f36abecae36cd8ded53baa365a722782c20d09dc6f7b90c13912d4e871709adebfb198d212d6e31e37586a,2fbc85cf15b4659785e3ce4388d678af7515fd6b580aa552ae6cdc6d9ed0090a,b492729bda45ecacc23afac7893843af6f00145883f5973cf76d962612d2254917a81c17c71901d9018bcb73c8e1e8272f3550ad4e4346c3625881039d33ad9f,8f436959776d46fe52b308be418e1dbe13bec56ec2a199279e809ecbb46d6aa5
91,34bf0adf7e4a69e7bf7fa68279917e21e2a8e8b06785a579792c2e665ad2a850c0a2e52de74f3cde3681ca7147dab78e00c867f9d64ce3511beb95da15f3444e,1d09b9f8a971e288ffe801033135a4d27a2966d56f2b78ee4579c8b14c9f8eb2,222b807a8969554cd33d1ae28449a0ddc319efb8bfc3028af0a13284ddc553cf86a174d4795bb197dfb36284208aeba724f54ce79b4d2c81930bd4d849b59717,cf1a3f396aa587d2e28bf9cbbf4a1e654c288052caee91ebb8527ebbc9167130
92,6e95a9d2c88031ef8a2861959a037c4bb1a7d9e7c2d74fbb25eb9a790aedcd45d36a76c11771503dd2a81f0f18801ad4d9f0f32ce0fe5e22f0263f9361f849dd,ee7883d19cbf1ca3d15d9098dcf5a7feb19c98681a816c1bf27b699145982d17,a11ef57172abd7b4e25fda4b7a9bbc5686dbd98e2461367fffcc6a57c4f605e1340e586b6f7c13f016f04fe5be28dcbcfe8dfbae7f6baa3d1a0f138af5401073,03d79a6e9a7d726b337c8aa5e42ac23b34cf55f6d0fbfb1bf48dc0f22680ffb6
93,dafad517c23c32a5c51acb226615cc19cb9ca0e48339908f549c4cb503ccd925f4906ff5aaec11dc47a486e5510445bd574ae0765b73bf7127cee45399403db3,4d106c73b7094291a646b2c4ec225f8288b4118fd2caf0ba1690aac76cdef98d,42d7c27172bfe67ab010348430582667c42be6ea5389f244fb21199bd5f396914102634ab031464aaac88ae0fc6e9b3dc6bf825080fa7c222bc0dea3e49a7620,5cedb86c42247309c38b1ded16512fed3159e43501bd5b6922abbbd380f4d6ad
94,a4fa0da81d54ee0c5ffe4da791fedc70498066268cbbe9955a8ff07569b627563c1cd613f93851e88a982e92c985d33f880bc1c33cc7958e1ee9f41e87175505,c7cbd8dafd6448251aaf4f0a2307a559e6b6f597e9a62e209046dd650d702dce,8c00c4d8fcff780a3e71e14883ccde05b1062c83502ed024f20fb35111ed75cc95849c370299c078151c7fab99ef0851d44caae698e4b496a26cbff85c4bfc92,4d77dffe8dea4038a64f778f381b2f7f3d45cb60c6c5b784a5d46de88fab434c
95,85e6cbaee564d2741eaa3ee4803d55a25ab91127fef2ac516d3b991ddb8702bb5c7d02cfdda5cf9aa6d51266857ebd72d7ea3c36646cc0dc271e16770e8aa1f1,13d54fa8a00462cef2ef15420d956823d8ff971e57041363315ac5208a439f26,5ba01b671e0cfad4782634de6d5159f783c45d61fa35fc9958cdc37db4a2215409c3e1a32d3a4f1097ec333928eb4614175ce753bbbcc3a95ed71e19604eac60,4cbbd8e31bbdf65331bb4574d9dfcd79b1a885fe54f56dba34afc3d2370ba7ce
96,80750b78865290ebe5fb5ca1b6b1705f8e326c4e976e0eac4ee255b8cc760a0635243e6862f7ed2b0b8c2ec498a09e46223960389d4c75a136f913a916a216e8,2cd2b6aa88b48d83940576bf4030fa4732c4f9abd72fdeded2268c6a132c77d8,58b1aa279475ebc3ac43aa775d0d01b6d51f260f13eedf663cfb2754869bfd7067aca3ea5e910e6bd6825235d67fc6f6117c1764e581a7a78c291ae1ff92742a,f75f0be0cb5781e6b9f5bee37ffc8152db291ddfee8382afacd9248f8e3295bf
97,02ca542a0399ff2e12d58d3451d47171283bd2b8ba5b0c717ec76214db63c8e78ce06459806d882e5654d616c36354199dce5eea2642f30597932cfc97bbb504,d1c9e2e8ab9df4db4773572a4d27aacf08d0fd8cde1a05b9ea3fd5690fe5b1d5,31c16d5c60050336b847a64b49fdd273894fa7c00f1f99fd9856d2f074a2543de8e234a8c57f35585dda60fb581bc97547e9bc6b56960ba3f09f3e949e5ea8eb,e91d57bec25577a3d337bd2e6a975d96245c842a5cd6dfae6d7423a180110270
98,7edd4924cf86a6b74af10b94b0f5aae4fbc8946ca973f4c32d7fcd68ddd623bdda1862fa38a1dbf73b7416f93587d62e98bb747f023252d9b663491fa23d4b7a,ccda39939bd33853fcf2d05a426498e1a152f29434bf5ac67f26c8fd868feb23,e54247bd8931bb34ffe4a3be68576bc5c5501a4f6c9bf4dbbc14dba32da70d9d2c45c3c62a589b75f0567be3b3989f8eb724866b65ac401f7406b087de4f5641,ff98c42f68eab675d048b17b45e8829e8bc8436b36e5df372070545fc9f78218
99,3b4005e3837d4d9e8ed51ac46f0ded11827ce30a3de9c7834a869d86c4059faebf46d2fdacbcdb04ab1f69a08a84e8dc13d6a7987cea80fc163f2ab019d79ac5,e8e36777afca4972786bad3d5d065278e2fee9d2f93d277708cae9c08de0757b,40f5b47f294166c06337348b2f2d86e2af3c16adf2ba5b44d121fa8d929d4cf6e350c1c8ecc515a0449539050c25a302385d826dbbae2896efb17e6aee1b82ce,21447a55cb00f9976cefc96f99b97fce6e05335bdc6392c0b5dc14236cd0e1f8
100,22a4558e1103da7804913670fc158ab8f4fcdd005523c1f8a1e046f3a973d880a39ad7728b07ede87773e5a2e5641ec50546c14699c8cfe00e0325565c8eab27,b6674430c411a0ee576c1f7725bf4c78968e11e3e71f92dcac3faea625340d01,04eb5a27ec9c238ea45f49dfcc280b149bc7a39827d75b32f7336127f63660dfb146eadc15a533419c762c659978cc289d53783fbecaa94ce4dd729657913941,5ea672f1e2018157df7b3fd9ba791dc54c3eb120cce0102a352b4f8486e0f073
101,8ea579993d6c0aba8ebac5488902fc5d385afbe4ca7e71571cb72ff271500c2e21793ac2cff52a8876d5fc0bb71d571040a4b40ab8244f6ce55934f8009706d8,cf6f7f32819fba8606e5142b3b25f418f2487fc13248ae1aba4901f54685f231,d7d241dea3409cce2b0b4a2b4a5617db50c2d4c2cdaf2c9b5734bb50a886e190eb1b34855d959b7dde5c89c6fe31588c4a1d96898e6719ee1648ff009d86bdf0,80f316970438865a8c9d03aa87782e18dc378ed2947ef4a42fdb33203285fdcf
102,cd358d0bb04016427d5cfa3b737358e197b6eb1dae0a08da3dc71d5d4ab210cb97c4b4f4606b28cd01755ff092f74ae3c04ea4d3891f2207a7049b3b229987e0,7818a1eca963de7cb15ae1fb698754f0e956ecad0b6b6054848d6762dd056764,9c5297c7f3c239da958a022c45d9cc21a737a9f1f8c63e877ab516f0bc933f070de929e5b4e71faaead984cbf4ad334a0fe36d663f706433ada3b4d6d9d3d2e1,f2806b6bb5ba89824efd79bf8c8f59cb8584f8951f37142097a2c421809b5443
103,8e6363d37737f2c8b3b321057892a21ae1625ad00cd6659e13870a623c96a4d5c7d0ae73f5f0f675881c40abf30f6ec3a5a8fc7eba98b6a183b263fdaf439912,2c3ae57035a63d7116c6a36c4c3451631d955e15154d44936ee1b87276e8d5ed,65044abc9ad72fe413b23d1371144692dc6a16b3f754d58c501477ff37428c4f894e2e8bb87335c22c2d371871ff7bbef5ad352088e2652a70bbff415e285edc,ecef004b0b4b92d65c7cf5a7c62f481441907bc307faf1743cff62260143f7c8
104,7944d5a5a35b05dcd089c6b6f165c2aecd2e5e3f733f997f6b6a70fff42690b0108da22b2c2c00ba646e5f51b30fe88a4ba50487faa1c65ab80c0e55ac2abdb8,13d176dd05e41064087d482ef2f8b0daaf2a5fa1eb91cd046338006e5acdfc05,dde7870d73ee01342ba54ae895b42ae4ad1cfae52c6a04e32945fd17fd144d0b7c4b4abebb037c076c0a8908e02c1a9f872cd58ae7de6fece3b5b88dcaf9cf35,ce0128792d725e0089cb7c87983724935689829624a8fa2148275b2555936468
105,c4ae4eb6a1f4e2eb8c6aebe8d2ab85efad9c1783522af096f09f90ff8a1c120a551ecf6b7b17d7cf650ccb437995763a8a822ce2aca5ecf360b1fe6cd3316161,23fe49479ff6be94074473064f34331f23b143f4140ccc0af592984459623dd0,8136a56e7c6422ce954e8e3f8f2ff40f23b201c3f29328f44790b1ac75c5521f9512b51c85f50bad4db56971139e64effe82be5c5f20c297830077a148077499,df451527caa05f77de1707d0c064998d8cf7c102c51374d8f74df3fb1d28b75f
106,ba484e944a74c5146c64a7bb05200e3bfcea89dc2d83ada1f6aed35bf17ce1fb7405aab2e90333e44aab5d79a866baa3701502bd69cb84ac504ff150791e1947,eff6af18521ad6c46646d017da92fbba9186f58c7abf2e1bc1193fffdaa526cd,584ce2bded1ce3802239d66d7b80fcecd16e4443351586e82e9e82bc1a876c9d3d3b0f1d59efe3653c381d61fde3fc847963196d4db171f84ff847fcd69fb750,efcb0214d897fc27694aa24750aada9f0369fc91977154167177726a8675b013
107,39b12b731c470ebd90835288a8c7f1201556f6769d592ffe76e902a74e302320d9de93381860dce2ae1f16e01271a07aa4d0d47dbde718777351ca5f6802968f,31fb2e313ede9b51d33af28b5904804214b63eb5af7f4eb61e464c89a871cfce,0ffa0759d9069bc66b9ac1e2315a273c9ca7015a24426b5ede565bc9581fa083d9933a90bea8e95baa9c39cf7f1ac250e62c2b53d8d23aeb69dd0423f572227f,1614dfa636189423dd2dd8824e7ea6bac33835d358fd3dc2e940d40d461969e7
108,3bd4952d60a662740578faa4baf06200b4051e426011e3787170d558018328b1a95778ef07010a5751cc74e97141bf20a02f5380819dee24ec92a0bb73170839,9df481d43c43c5c10751264f5317ff4ca04a521844c3f2d7dd0fccfb124d634b,a8cd67ad577aead38d4e830a1dd479a4a3a4d322192abc2443e4e10ee0673255ae43ab748a91a2b266abfea61dd23d2f895a78d17c5f4f724a8df2d3ff4ab25b,3f07b5d6a3b8ab7eba2c0a9804bd1481d125774baef6017fb8242303cdab067f
109,85f2fff775e1705026fc7d5939bf6d55dcf414e3731657238ca5ea4b9582f8d312dc131b1bc80f3768d3103a95836df43c6440eaeac15d94137fce3113f79c43,58a7c7b10a43be77926442909c71050a030362afb3b51bc8e7a04e96654e0c08,1b081f61cb11959fa1b0f98c98f8011e3bd6c08bbf125c6e08f59480a15f69384fb073fac2977ff0314d660c690cbc0be14c27bba5c0b9435f528b381cafc4a4,363c13a8e47f6e7b66c0cab19b61ad80140edf587393d94ff8e7ef35b25415a0
110,dadf5f866be1c31be9bdf5d1c0534259a351bf57cb19568aa8da33cc128f13e6c333ebd92fa4eab37447902647066a9174838270f87efc792e2cc75e5877c78a,f35160327b696a75551d9636a3df13f52fa4e9ccfd55cba5247dfcff8c849d48,a009a65641d0479eb93591efa85e3bd350469ea9a379e52c54c72a339d5441875b46e025631e5deaf477831158dca77b6767eccfea85435917bcf92ef6008da7,a227d25556d456ac9e70a8f991b19f8364671ba8e235a279080ee8f25bcfaa02
111,9c54b0416dbec161f37b710f74842ef03c2bdb3d2947c2c858efa9e227d86cdcd0475606b24278aa2dabcb5aa254aff10959a02015fc647f390d6378263e57b1,645d76132cbe3ac12066324ea1b4e9807785773f0a66c1d1f5bdb6499d6a635f,670a54e94e399c15cbb95853d02432ff2f3139a4697237a7976cd9a3f48901fd6e144afadca0cf52557d608a2a266b5bd758109fc7c6b7039b063e13b0a86718,ea845e6b12c44c6c05cee714cfad20062e90581a798307b4ce8b6ae5beed64ab
112,5e02a21fb909564c5b65491f944c52744ce2d96ae31931c9da40f87f354e6870098e92c0c4d48dbcd0a2ea225db553dff2420ed772b1eb4cd8585a10b67aba69,5ff38c1da8e7e2343921a426356460e2fab3de2f2270f61da080fbdcfa877fe6,037d708ee696cb80388af8f11ca9181d74a07abe4092134fdf3e3c558ce5d96affa18838950bd6a52f5bd4a5009353e444fd56404f0c9999b816aa8abdf5f72e,09da70f6e09fdd3d12ffbc3169f34d61376860ca218cc1db66f6ae84389dd4a7
113,f7e562307cb9842b52a2357a4ecff23d8621672e2de2ff4fcc6c629f1b961ed92deeb606b48850864d4f90773f8018b8af1a38a6fa478647c3fe442eb8d460f8,d9ef22e7c3c73bd72da4d041e8fe1c1f74840aa67bc3d69044c6e083a1f45f1a,34160af79a5dad4cbdc029273a8df1dae278e281d4ad54473255d76475f2d0f50f18dbca31fc742ba76cec9eea12a6329cec063123d85c63a325355a70167e5f,232e3ac889d596cc6ece25b3b20d79a785baaa9787a1037004901d1524fd635e
114,cfa353310d6a56453d337a437775de544408bc4bfc2ba415fa49c72001cfd02befb4f36c1d41a0d8dce9691bf1501c5083f54b160eda9465c0a9b42c5f17a0ba,6dc5b0da950727c822d7e1ae75fdfffd66f594d572599353e0f41f933a236e13,9c7f0a9e90f6cc03ad71c5bdf3ae459c4e92e016307c94b0aaaaa47d08e235d4e63efd6ba5449af1ec7247a9dd1e7051168268815724764df4b2f2a3392b5aed,5fece3a1e32da7e2f58eeca61ef31a1364b374e7ea8b50ee7dfb7cc094093f81
115,e0badbe5b04eff31834f1f02aad2176863b13d1173d685c48d9c5f5f8bd7572af080ed33cea3d907dcf4c03e4d5c188456abdb180d2813171f4c7dcb9479f93f,9b8d31869b480279dc74d5f4d9627f4167fae1a5a7b86f2f883f2fe996afece2,428ef5f0e38b20cc1dfa938d4ea38c1adc6e70673c05db17b7ee660646b3f1396e3c1b68d3017f981462568b37079e0927cf028073c569d2a9cb0c1177e0e0f8,564e73215b14cd07ccedae1d3e1f90a6c8ac1c3d36f547f16f5d6ef492e50c04
116,64c6b917d04f49a49bcf7ae455bde30f91d2630623a6b8c9c38051e5d46f4101e15d853a1cdfb236ecaa9b209af6e17a62d0f4d3f2e21d251d4d36425fdea956,864019cd5a1bbd635386d35b27498cde1f9a8a740283c339b5ec36250bc9caec,4c01d0646df90a75106a7bce800a13efba6362d395a7f1d45a26a62c60e9b8c16def18bc7db2d4628f1a94d962f47f8c26cee53d6712278318e8b99ef8e43256,87d618316cfbc51fbded9b32edbe7a3220a7c7c241e7d48f02e82944a04f0224
117,139e2e1a8e7047e8cf3af457efd01d3070edf1633c720f96e8f8e05249585bc194ea6c20edcea52fb1f6cefe81ec29288e382ec5f100fee7f2e47586a71fea79,d7b42743a0b078622b3e908c8afbf9eebdb61b1a1ffa069ea338c4a64b73ed23,6ccfe4b08db4c0a6b3245b19401ea4e8bc8406ffaa57efde915272bb9d273844d5b2b2b304793072799c07bb03f0c07317a8ae842c31acc63716e145703493b9,d8214561fd5d414e27ac7de9841e0c3eed75c32465d60d6fbf034dccd5b0445a
118,5e768a32f86e70ba1092ab264c3170a5fabb9aabb39ed2e5b6959237aa5f0a93f59f0aff5751d9e76379314b212a6304789aed1febeecf5de6d1b950764b140f,6bf2c319c7583d5a8c69308ec32933875a478ff54b72a09fd491ed690b9ea1e8,7a81a515809d6eb5a1ec3ee517e5efd22154146433f742527d75a68345bd198892d68ec552de3e30d5b681c19b268ccec5687fd2aec35a65dd61dd3df259495e,91e0fee1e6e46d21dda52a86eba8b8b09f45ff33ead05d0c1e924ed8ec57fab9
119,619ca2abcd918d58d7db30304b12d311cdfb496ec7d297ead5a1b24eb8646ef135ac632ca83bb9b46662fdb277d5ec143cc5296960e1ad010d28943bb974ec36,ccd920358d664dd91f9860a06db8a6b352f64d96a61e2a3f9cd19405dc7efa84,bd1a926f881c64593759c6cfe478cbc555e991744209c3afc1fe1991e92cff395d1a6e23bbe9ff2e5fa3e3846ac47e07e0a4492796643212e4a8acc414d70ec0,7ab888664c3e1e4ebf0d9b14bf8116f4321db71e488f865651ff62b98a08902a
120,54bbd07ea1d8630197c35ebe40cbfd35b747988937c64d233c2acb17bccd7bd6e823c8246ac35ba15ef0b3d495e81c049b12f211679e6896d50a1b1f05c012d8,61deb1c67f0e38cbea3fa3d75cb0b4ec0e53980834fda54f76a7d072192d1080,66f035217e51189b1b5c7d1cc1f233bd0bea6dc872fe565a6e4951f6f0e2f4682c676c06af7e16443ceb3556037b0c55060b5c76d774fed7962a9b2068048121,791f25f1803cb8d965f099888a925c9b9c7781f13b119183cb5f91ad7018615f
121,54b0fbdab4a203eceebf2b22684eecc6719a5c77d056586175199f21f90221c5a402bdaba6426e4103b9a765782a3637311af315a95b02d8531108468fa0cc63,e1b1c992e9a41065e0c6c6ff03057d94e56dbaf7e51e0650fa37d8a22110453e,ffe95e173768e8f8b1e6326fed058e7741a49bd8ef3513cb9870d1e318a5d557ff0013fa7ea6ffdc76ca2c2a3f204afb4d14d9a0067b962d8e4eaec8be1ddb03,33fe6d293a4a6ced28081131507e84186b8c68451d49dd4f6756e7f66c76cb93
