vehicle_id,public_key_hex,private_key_hex,cert_sig_hex
0,51fdf18ccaf72b1cb56740c3d7cd1830707bd1328ff352739851661dc9f7b0a49dba6b4fabb627d7e07e378e84233ad4c3479c29b15b93125a2d74050299bc5b,5fa9efb7e852254bdb1cf16baebe256c671e652fa59c83bc44b011a1414c1991,df0dcb1562d26144a4d5705be14c93d57654e38e3839b94c85f9cdbaaedf7ec5054a8caaaf2d9cb776e6f9280306054fc9e7afdba93e9f99e92ffe17a95e7fe5
1,fde1b4985051ed307975845158bfa729524a68803c118433b9d4af3ff2277c3eebb73626669bd8f532e6ab3161668b691523884f91ae494f19f99f91f57ad283,66064a36911a630b0afc860ec791e233d67467498f0b32a3081653c7b9a774cb,159432a3972e21e1fc4c18135bcee43a196e1193e176b0064d379317a27db55b9b6615d69209d930d72ce0e450bafb0827ca9d798f9b0e486f3413913503aa6a
2,f27b986a03fb555da377598a94715a09e5da23a4898a3eda8c1d76f8d5a3c16f23e772e933d2c708bb9097052604f8b079a137415be7ec470ed7e37b2568432c,a6768aaa2fbd136e588a7ddb85d1f61aef7bbc2453ca1ccbaa6881bd07b32937,ba7c3fadf6f10a340ed0302a52fbd1a471d80c52670dfedc85d441e38970efe3145d82ab21fba8d76d287f3c28a94fef0916d59ee94f357ea8a6132d76de8d92
3,430882d28bbe9b28b9f94b24b584cf8569d53146820550b7196521826746cf911cdd465240c9e4ed492d5e594cc95aac7f28a0f3e6c6161fba01c1927e543fcc,a99ba14ed1610520683fe908f80280c98ec986465f6ffafa426dd24cc14c3a3a,9e43ddb4fab6a428a05ffe7c7b8bc2f20f307b41bbe9fdc81be004dacae8601faefd13d37d43f1e5db996a18ad7632d09e881b9735e13e11278ff601016bf9a8
4,ba50d5bcc40f08aeedc6e0c6fa67b05cbf8dce88cbcfd1549a874d3528115a65fc0849104ac27616dda3e096ec0b6a306d16ed87f858dd11c74f9ec9905d7bc4,18fb381b72ce06f316e7655caad722d214b0883d13d888835af85ae3a3f66e57,9a88fdf92b15c177924e565771f1c7449b7015a1fba0508c221fab768604fcaac1d320390ffec8572c980e7d8387baf0f564571366882db4271bd3800792c07a
5,4314b2ac1fc1ce51fd3707cbabc2999597f22185071951f5246417f4b8180e712eb78f045ab134d24f0e9ff84382d80cba79eb080cf141ba61b091ee7b5b291e,f560796fb2fb961aa2033950ce8e424ea07c27e1da4e7ac8189188ae59bb448a,5dbf9e1b53492707be546c540f3e6f2d0c7fce361b43f35c0dfe4ef98e09209b0a8ed0fdd46ad65d44d186621034ed43bd792cf7bff6c8dd734aefed086d2890
6,d92e28315a27b62d8d145d60809f907117af1974a3f41e6d7242109a43610550706e1a5c7ec7bb41cbc8d68fd912102efee5bfe7abb867331e4cbd6c35c5c46b,97dd014d330545e206c1e5537ff23ac759902eed482fbee9645cb46c687bab5a,be1f5e142a2cda2d49cda6dfe4c155e68ef083446d2e69dcdb6277a1e725c494a1608bc7c160f2f4d1cb4189071ff5a020ff541bb8aa9fce4422db59b8a019cb
7,91d419dfda21e58fe43e9d7bb5c4c9e73038c0da2335ce5fd6b2b1c5bfe0c17ecc0a22a8c94f09ce71674cafe2c0afe32f25432bb2240f5160832349bfa9f54e,8fb4cd687fbc7893df9ec1c637368493e266f5ff82b83a762d409fbf2f682208,5f9a62f307412612fbbb868503f78b6f2d5ffd5d6e16989ee4f6786a57e81debd15b45c04e663647d0647526c077112937c0a055145010c8e5f87a43288cfe79
8,07fbac25821e128a36b066d46cccb6917cd6c23d04535c6e19ae64d99ff048bf294539e34a90eb4199b8510828e6b7df65f2314721233a9d190a46c66ed04b14,39623c4c1183d72d83506134d9bc2fe1005deb1be25929b5eb9a5321426b826a,1d47df947a5e8b0f11420214b7e9145deb0c5fa0e4a94007ae090f8d49175bdd50f01ac291743c0f4038c062d8bd5a465b1c3f104cbab99fea22d6268bf0932d
9,5d45c9dd3a56217f63a15320eb698ad9fc7bdd3453a5c3a9d8d18983f14ec9428a8c2574e0ce940a4a4af5622b29e80babf8723af18a775f034a86e5e1c209a4,e2560ccd21950dd854101b5222aa0ef8f3b463b45e42eb01ef5ddf15bed632ca,6e6269a367767b03d13e204627a90af7b8958e4cbaddca45417af59ef656f5bc3bc219495c5b48a4c3ad765b32f58248b151ddb7ba2da48d4506294073e2b436
10,4486ab21160287e8453abf33b87407b625f4926b53219dbf9326d9ec279fac8c3ab9e5d04ff4800b497b367da0d73a97bb4313bcb81d8b259b8ff2deacf7220f,c3f0ba8cf85d9aac0bb69b3595d5911096466d97b6bd6ad86ce18723ca41940b,5697e723d8d2c24d937a585ae508d6ace012fffe7f2c05a95f9bf34764083d34a31e5acced62d96b3e1bae61b0e0050586a9ac8c72272213d24e0c983e7c0209
11,1a3499a14f0474af97d742fc2d303157700bddf737165f460d9e2d4b7176283df61602306211f936dd8c84f805435743348a4b8f3509bc6466551a809c90f06e,f3bb7762c958490fea24e5eaaf5825b089939cae768891f413c7560ff20e0fd8,aad35394e9e01b2c1b49741a09c6d96ea3be298fd7ce9c067e7cc026eafaeec3aec54314012922affd34a3a0332ec68dcb4d9294a7fd1fd17b659456d3f6306a
12,4e8329119d975e575c5f0e651697fb6a22b3062887fd3c2be8170bc2a1bc1f24e4cd9f093d1b72b21aae42c1766d163c2ffe3ddbe946333f3b448c8338149ad2,cd1957a349099b39f77d5768c9ec0b58592bd5871257da444e20d2ef2a788a51,6929e5c96849edabe75711cade3ef81bd795c63ae751a9d8ebc8bad46800b7581f567589f7efec0c28a4d507aca9a05d08685600890752adcd187ca8ea01139b
13,957d72b16d26228974e47780dc9ae45f6fe164d4cdec450799868cf05baf01ece17b91d97eaf8200064fd01fe7bb3a910dc659cc2a442ef3196289ad69157402,ab5630d7dcffc721589a0ffaadcb117f2e855af408ac91901ffbc4221f23c35d,fd0e3569bba47c4125138beeafcbb6a815712c05f173eb465f6072c4b9bfb0546cd3357ca0f7ddb2beb0b2368a7333ec5bf44a19533640a14dcaf325279c60e9
14,8acdc5f100f8d7bde84bbd10dbcf1b71ff2f32f3e69004727e38fa5060c934981f062605091aa3673a9f5803260d490d13e9e4d94637234a10653e671e16a064,91252b2f4be8ef64b9b0b42ab18e3c5d2a7a36cb9c99e2984a544bf806c8ba41,7ea8bd21fd5b8ee5c8c4557530464f05fb9e7f16390aca68e0b39cbaa43a5dba9c509332ce250682b0890a584e0d27b8c61e7d836a9ca55b17cfe9c1cee57627
15,044804a544b770788ca553620d8852898056a128858f3c7549e7fe2c08954ac2120639b3513ed3bc7a61f4c0f20a00020957ef25c1edf3c4e04611cb69cbaddf,72943608cac993fc4799fad0dfe082b9e76dd7b32ab9a080e36ff6dd168b8ba6,04ad331912b5d9827fe3f5f9415a13dff3bff321a928d53e57c975ad895a2040063d3923202f680c111e759d3ed36f5e644b3af66e2aa14cd46bf0babaa3997c
16,9eed53a76d5de1f0f972a99f595e33dc77810f6aaf5e7f1643763aabd2e0e7ce734a111ea207776a774c40ca2768fd3a4ff03ce35747ae92a395369438a335d4,f670296bbb2a9ac537371aa0b44fa7cf7423fa7e201f69ed199b9f9377bd1e9a,77de4509a5de662e4480ec8253871912f4771138e1fc15a56e009cfd41e467d5da6e69b2300e18c3335a164faa14d018bedd4b7e7daa36c9bde529d3e2561d60
17,2da3cf08458b603885fdccc1fb65bb8d8be9c1c46d78db6f1e35ecb5c3f8ca5848a0a34e47890bea3d7377d916669363cf3081c45b8fabdf046599d76bd17804,8daef7eef68d0513731d29f435b3b96976036b16e2e53ff793f5cfca64fccfac,92eceff8075aaa67a8e2cf4c3f199351eb6f436989aa9d310708e7bc344f912e07879f171b1aafc6cf5a02f26f64e78e9f238d73049347d3226ed3440de3e66a
18,cc3600d20af83f725a69d839466594f083423e0bba3dbb431b1551fe59efaa9386775c220e33720da0f3f2d34383941c38bb3fe33a82bfaa047a06657650c2a1,ade674ca35da4d124c0787187504ab9f018b6681a79e89ed322abb848340b6a5,197d1a7f6aac31ad2b0b2e163d2178431e95d3f7a8633107679ae1f51e54dc967a51f6448d9963ae062381abd9f81bf457e28f08c8736096a4c10c86dfcb1981
19,eca168c2a3f24fefc8ac157cf1d46dbfd2fabf4a446f3623ad2a7abee26c105f2060b5a3d891a422ec20b03944147d5708cb652c1254d2f1956b9d19dd23c37c,ab72b5139f446526d926ce051e4821229609ded45b07d081cff628d0cbfd5a6e,e594529d19becf6128d758221e4584a311e3040dfbfd2c3653e3ce027b357b0a831aa4bf05409acf0804af04438fa7fab6af52cf4ccc2c4198bba3e700ad8e88
20,2e4ba1ab1979c2828225129b9186c1d08c6d362859894fb1a1c109eab28beadad01ce417460bb0ec8944acfdda1d63de4c41044434bb59cf309dc30cb8bafffa,c91fd704119e66d06fa04df082c821b02e7d21b16340f3d2c30b6f0d027c2feb,e7e1d36cc51b1cf217fc67bf7f0867240e38f6e779ed5895192e09095875f6c7c9f7324767601fd40b8fcdecc97fc3508ed30b04ccb26135f60ab6f496e08e18
21,9b7bb3bd79bce2428d81daeb355e68dc24719edc0f3e9c3968b826884becfecf05734a2edb74e3a101eab177f56455121145bd36d45b62fa101a2362495946c1,1135d99abed9fefbe5a2f87e9fb0a0b26507860e9471c382383c3603dc5783e0,9d9f23f96a0a7c750c0ca9589370df3bda8608dd11305114055aa09d7a20b7c8bc716e75e4fa0238944c91194ee5e11ab85870544e79a8a0a59c56b9ddd20f34
22,fbb32ddf4d67546d11810899605aebee140975fd29ab67bf70126d62f48e4748dcf75408b482c6b067bf66b99fca4294abc9d6defda7931dc273619e3200897d,2f267dcd5c21c598372a96066d3eeb06877c93d1fc39c2e54d44f3cb4f4a9d76,bf2491d44f341a3095442b10f197bd51f19cb6d1ec96ed03291974dbbeb1d71327cdfc7a5e67426ba367498ef1eedb91211b87149b0b469346cb866c345d1479
23,c26ddd4956cfe3f52a036a9d3d5d699a8dcdb19ad9df95b45ec770a2169066028051620348b1ecd0fb48d3c9fb65f74f1a144760f2d58d7892cad90c3d4d6d09,9226d2b11781d19a5487b29156577c28d159cf02aeaaa59de4540d92fb58c4a9,f238a920b0e22def1a31b02412008f507a44361cc1ad064ffb0df83aca81ac73424889062782f72feb266c8ab6871e5639e52c4a98d1f427328dd1a37bac4aef
24,904380fb581ec867faaed738d78134bc84a4d9042079caf8da3e1bab4b5602bdaebabea6e0171e8606180cafe48822e30e213a92b412ebbed34fd3c91a6ccb08,8535f1ccdb1a4ba4e0cc6e9d2aa7f563f9912d162ad20d1eaeff8b77a22e7b1a,c51ffb7339200165f8dcf3e7f3fd956cbfd833507ab1c91a1bc36e7bf8a051273abeeb1c05600f4940bf40adb00417017665902e624f2e5d83f21f31e5c02df5
25,c4c4cbaf55173c744dd81122b50cfbd61f120045de0afe995cfeca575935df9cad4052ab2185baddaca49689f8c00ca99f90cc048138f17d84ace43ad4721341,8e45b82fcf0908e060ac66c450266b715657b7882374dea4ada6a0d50290c283,cbe2d8cb14803792f9db72627a314803d18d074b4d2f6d9ee4d25aed3f325c3d6e2b6edce2ea6697680604a4cfe5fa0e572720332f15a29489298ca5ae0bfd46
26,5dd7e1937431d19f95cf8a68e1d6619be972bb9b9a723a0db4af393deabe5ef84093b6e4ecee6211d4d4e134a7cbd8a46cfc935368da7f94e53ac77397f9119f,9eafc9f7d8b0ca588e996c66cfea2a6989e698bb69d80316f6713176ec9dada7,2ce71f4adc643d6025d5eb648d29d97dd1443248e0b0bde1701814ce2f60ce634f8798513435883a3639399c782be49e218639938a38f256ea80f972c72c4f3a
27,f92ae309d17329dff4f2451a734fd83a4bff1535c08dfc894a5ed9373714421871e7ce4e5ea7ab9515c2e6aa7aeb6da2aad48ea649d23c6eabc5b443b400b561,ea4c7d4b0727fcc43a5b19ff7f5807747dafaa165a2e384c60ff03f6cdb5fb80,52cb5084108faf5cef470ccdddc412fb49347095f1cba1991bbff5973edd69e06b7d02a70e7c9ecbd46b5afd8a6a9b24eba9f6497a7963ff9c45c561c04bd10e
28,3f46784e3f58b520b4e8aaecdfd3bd80725125be1e1782ceee70d5dd5b1bd84616e082f04ed1ccf29a8ede8f0c30798e09103fdc4b3b0f0178c786ad4a9bac0a,5c9b2cbdf94ee70517385d8ff9dfb2618203b7aec721c895a956d33603106420,e7ea020f8c6ab6e0618f1b8cd9f8afab2069ee7a840c4bea72eb2fd1de1c028c6c46af2a9be9f12a036466cd83fbc5ee850008ef7741eb231d8f13941bf60349
29,beb66941900071790da7746fa9ac1bfdea75cf447bdb0c997e87e42a03a38ac1efd0b4e4a174a854617e4ef039608449b82a5b05d0a6f6b035bdb78b66ea2c60,f1a65b44673345b128ad883b1a8fce9fd07c49decb0a2f94f53e94af9ff94c2c,c29d7148afaac9bf6c25e40692a85b1e7052a9c6ca9ade1baf0c2f3dbc8e5085f1a8ffcee6cb0c0ea8b9d4a2086f1084337349c6cc432167d131f743b8d8875f
30,beaabc2067f72995dc3c52cff98070e8613aee5ba2e5a84e1d670861f9fcd6bd6a89b8083d64683f91235a0a547280ef8a2095f46f768ea2abc74ca812a9fb71,12d9b440988ba7a95fde8de7e08e6877771078fc6e988c514661ad4b9951e89a,4a33b65b4712cfcdd8c3ff65b538d5f70329b34592c475de8822dc0a82484d1cdd890be2043d670c16c88d3bacea344c104d53292fcb0c5588232ef25dc455bf
31,adf23a3dd5b8aff4992c0b852dcfe44398a54bcdd994eadcc2bc364c4f821b0c4f5ba0bf56596c6c8d005f5df8d6367bf46620e9dd95ee876b2b3835673c24d5,3d5c35bc7fb8e644ce2fe52f13ad7aa86445044ff75603f5e861fbb438fe9cb3,ab60f7b9c5626521f6b79a9e8e6facee997abd506553aa0e9223da5061d2d7ddc6e90e838394e4f5ef93b223efec305378b556d50fcdea61303b075e954b928d
32,e71572f999cd95da70d45245997203f9bad47ba669597a9dbef68a23feb5a0fc99a49e047ff4413222111a6e515f95636ee50f7ffa0686e182010b227cc3a52e,968ad8eb1d9d51298caebb7f09ab91f2c084994d9f56d7e5817915a5fac786a2,d595a16920829233875e2f9a1c54e35d38b5082b185ccce8893e123ea2a0aa434dc1364c3614e6e5406610257ff8850ced80a41369038d11d111f1e7756b91e9
33,2ab9b11be87a5caca9b92d1b30428f24f666baa8b136d10789e138a88312d467f6862a19dd273c601e38b6a8e1f002b1826589d4c98a2687902251abb8a4f646,884d38f95febabd8b545566dea2cea3b309c1e0db65c1c34b32d7f662efa5bd5,46877bfbb15493e8b1f5091626c90d216f3347a283ce5a964651af77d8c8320079077af28367fc944080984e8faf9c06446e85fb6a3cf86d51cf5f143a561381
34,270d1d926971483f6c4344a916c2e12b7955c642d5e863d371a9bb3b5364bb164a93809bc4943fdebda243dbccd7bed1cdd90953e89a6c253bea63c39fe33f39,f5d485a141c93fb5e53bfcafd78c8311442df8af30a46a97e8812fb7dd453ad3,d2dab384de25c957be1abf321997551328c129a4d7dc62531fd229e81c232033efdb93fbb27dc3ed1874145a38f53818ee7ef13718809d9065243a008d1c7858
35,3a5cd0f4f432b7b0525e676f5de5d864380d0064fc1c8201ccdd515f667770d7776f5e27c5a7a691c61253391050c634cadcc179f3db9aa3db0749d021cf038a,179988364e555963fe2dca9d80651efeb97e83a430b3f48f92ff028fd049cd03,aae1e4cb7e57cc5870001ece8eb904a9c047bf92ae76ddb20c6f75a51411a2bcdd28b641d8b819db5fb81f58ed439c38c7a99ee7a5e806566d3936f3b12094a3
36,eab47f6d7fd0456f2012c72879e91bfb99a8d43d2f9201ace4e1e61babb1da6cda1c148b4df32adf2619b6bc0ffeb1a3797db2585a992b2e4c15b6a04516b04c,984b9aa28a23e868334dca4506312f60b6408315c7c4c18f0a8ca2b85c43c737,85552d8bf6290526a2a4356ecd003ec6b7de65d741fea22ae8e61de0f2a63355f6ddf8fb55f1d5a34efdb77ccccbc87f4b7792cf087fae87a5258e298daa397c
37,68a4c2f62265c63dbb53c943c01a8ce322e135846d11d52a06204f30349cd56df5fe2cb9965b79405e3802a277a4f533b2849d2d7f5f7023c1e9624ce42e78b8,2d5d2595eee27aad8a3a70bec26d7c53c83351426f4afc3c329054cbdcc5750c,3bbb48a88f69dd564da6b3e53d71bc06ea547ceb67532209fc03971db86d68cc8d9db7487ec14230a4cb2c43dfaa42ddb0bd53bc2e6529d3022079da47fec58a
38,0370018054ef40b6407b417a6894a53edbb8b2ce6832915d17e250216902928afb9dd214e584b5850e8a62a9709b7af00ac9a214761855499eb4957ad0baf2db,65d5d13709edaff4b902a992d2eaca4c323fe7704efda7aeaa579e5ec84022f4,7a24919608b6718abcfdc0b21674d79332482aef4292f6579055bf6ca2a93f8605867a7b0010d98f4e5948eba28faf29a8962bf16d5e98885b80141e8858a474
39,82238a22c1931e30ee237af8a757c8ff2729883c0b64a12da9743b456da048547870abf1dfa82bf04c2b368845abba0c72c56aa39c7996245467bb382747dd3a,92d5bd5bb0c6ea58620e67993c362356a3c186343dccf008136647cadd7d5c0c,d6558e4f710b4b9d0dce1dd36b8cee300fd89728317885fcbab81e94a1307995292f53d912d9600c255237ed6e8ff920f32382c285148a8bc4662da659a8ece3
40,532cfcf5672b1aff683af68d616bfe9110ca6965e15c7561bb19a2598cbd574cc60ef1c9d6b22836f20aa731818ffb1d5eed18df554062bbbdf3da8cd66483e7,fc0ac8758c5012cdcb9c6f359860def406126c347ca1767dcf831db2855a680a,3933f5e6865bdbb26142da383bf81a03dfd20cc7f7611a14c02bfe6f698ed0e64029aff0eaf97a9bf5ddb89863854386a7f60f368fd684493c95c7f6d06c5cef
41,9438e915fa86883ee3e1a3e064cf95053ee3ccd58223f50774b3d9c40508d4d9eb182c4165514cc69c6f0ce38e4c6278734f36debc653b63174c46ac78b828a6,86b4f93961a2d2a7786c9c4c1eb710c52a4d882b41ee3328cde5a86f7fb31252,8bf0feffd4bac70c99a8bd38b630d4ef82ca831276489a2836f5b52cf7b3d9889f461e28745a7d3354b3c4fcc0c8f6fd1e2598ddd083b8a78c37b990bd8caf20
42,04660e18a48e9853dc072a5bc07c47d6ff0f2a45310abb5f5d2ca47059223053f883930330db03a266bec2b62393811ba266ee6c523c3f32f77fc9ccd2f59382,8505b2bbbd0f76c47750f862e146d0acd9b47e07872f082203d8878ce9a69f3f,3179cb8a0fa7bd7a965de79bcad5718c3251dff443fe7ef1c9004f168c0f4bea08984c756b06dbccb8b5110499e95481b2bff4533d00a0ba4207ce1654e480ee
43,a94ef3ebcad44bca5592260e6ea45e0ee53cd7ad58a8c4326212315522f004fc6560aeead38a47f6aee25ba4056a4985bddf39743ebd46edd2a4941ae9c901a6,1251ae8fd412e82049e379f0b095584aa601c8b2dbbfc4961c3f1ce258711356,2a2bc8f8f87ddba48e33ec5c54a31b91bee759ce37e890db026efdaad660c7340d95b45454969895b35ae953abdc6e74a9f83922bfe93c0d6461f0e703ae4e80
44,549fd5b94130d3986722cc40e3c09a04f37845ea3440469209463d9aad436bae1146f70b6b4fac978205ec28180b463fe4210d11ff63518b44be730a48d3ff23,12f4332a307903adfc59081e18677127ce12622ceaeaee2c1de4eba8f9e06aa2,6e9ce812429b0692959f12b672770b497aacfc92125da2d6da0d6378e11e826acb2dfb698b579e16ffa743b0c3576b227145bd5a6be4bfbacc0ea97b86681496
45,df286d2ae4b79db5fce0068da0e1dbdfa3229b4e8083304c8dcba6b59793f98eff2e2f38d41271167f6f439002e1f7ff41d12342ce0ca416cf06ef781a6738d4,b5a048f1e40e0b8d826c24f27982b35da9f2326aab0431c46e5035ca52821c85,84feb851e0d9718c764b7b3b5695880610cb1a82b4cf7b49ee56b055fc2f29847b1af47a7862a8fd0cdd93fec721eb96853f6812ea25ee1d55aea6d789520817
46,acd30ca4ea5a3562e885edb2482d654cc00b62b03892e5e106cf2a8a7da22d6a15d82b60d629f5ada6078005553f08c7179a3147c2eaad6afba44ac6c07e0491,d8901986e6ccd05e085d8a6e8a9566e76079febf98f67e2553762b4451fb98a9,f13f412db31e4444028c7f6d4d0711582abfb7d6875eff9d0996f66c41ecf93bf0070a8d4cf5f55c5306ac17d435a1dce5a0eaec48297a74c9e35145cb6b138f
47,37013426a63d527bc23c34fff9f8abd17db86d3b5e23fcc2104e29871492595c50e5f09a3757b52188b65f5cf97377f4849b1269b98ec450f3d84fffe8424d09,0ef58a606c32d418c0f00aa80bf059057017e4155aca55539398b8f51ebc388a,dd4f1fddd6eecf57c5e647d7f64c5618acda72ba3cb9680ad3abf113478999b5b684de1a236221941bbc0c34c7f5177b99b5d182eaa08ad1d8fe1af5c995efdf
48,5c55264643836af40ef839eb87cd8ca0a2d87130a7f449caa0b538ecc71d7ab458359b5fab0af5e211ca604d5afdef7a4f757450b753c49f78abc649fe4f3e9b,fa5b787ee1b473d71af4199eb0a6ed23bc232f90315dc49abc21cf6a2e775a36,12d423a3966d351122bc10abdfd86734610d089249f7eb390c706de61bfc3f3bfb3483fa2b2a54aa7c9dcd1ae68371f50a2274a476b7494d9ff5597def43a984
49,f207f286d1a16611ab8e8af5b9c3eab8eacf767af06540c83804ecf1b3c2a97b420e8f40463827c28650c7c7dbf713e2fe36ffa0d5ca4695c3863545bc87cfa9,ae57a64c9524226ed42032678111442f12b579a733719637388e0d33d199e5a9,52755e0596bb9a3939cb80960ded4d88b6f0f982f154190be301ef12e30edf96c82f1479f3d55021b58245a957e4bea69006a8f3b3006cfb70dc12df9534dc05
50,d05817eaa74d07bc34b1fa4673defcad4333286e5157c245ed427aab20017734d36b8c52b13a2ab0a8ce456b001aa5b42575377a5a8b95683d792b763f74ce1d,6277c54149cbf08eb70d938a788115236a83ef9984df40b5be1d24f4249e993f,f45d025d067a54116c3f400fb9ec419e2b02261e400564065eeeb44e4d9df542de0c9bf816568d18d73c652c7788a2eb63b4a64e3080aa3f7ea06b4347337792
51,83d84970bd9324a5e7d96e933e528dfc19f81b68c7fd62cdf3592cf7f1ac000836413d8991e3e7fab6e6ed0dd338a35020729a90b637ba0657e001345f75ab65,83bbc26f971bd099b5cc35625763a7b2e50df9a8696ce879a72b143258259ff3,37b6c79e29a907bfa6228192c083d22ecb0dd181eab2809aacb3fbd9605efd8be538896f36e77ec0360c3c64dcc3210b8fbb8c60e1d2b9e73e4367f7b1f0ab84
52,299211dcb4efca0aa72deff0f38a4fb2b6ba405b513cbeeba577d2197af3a90e1833ffb8d6504607a57627e33155880e9ebc2069a0d7a4c07135690744065cc1,1288d19685534719b406613fb6d6e88724bae430f41fadc62170dde2a8d09b66,a7b5b4c7eebaed43e02b483d49228ffb7e205da79839153865cfb5a3a8e7f54dab18dcbf147df6fcdb0deddaa9619c9e7816ab89f760986442941dcf41d0abc7
53,6b6d39f054a375f58c54472e85219346583a3a6e91a723d2f74e2b5add93bf6d97124e97d85f942b11c5ccc32fc68db992f3209f8017a33c96453ccaeaff302e,796af49ac100a15fb0693dfc95a9c7e6678f82a385d5be4569bdd70e95f93fe8,1546122fd1edcb261d56ecaab756998fb85a93692eaa63a195b0b70b274924bc43830d02949882ddc41354062cae237270aeab18073fc4f66a06ea0fe736f0f9
54,752f54bb66141dbde0cb6b3a20973075bb2e4e476e9b72ee9b0bb0f8ee28dd71075d4e26b67281dfdb32402f44ab5626a03ca7cf99672c1535f2a90c61fe8387,b2df738f5ef881356053db6663673a2a952ad6668050c2ac594b995002d18f0c,5420c77261d482f675cd99cc21dd325d53b203928af241ef93d20e713720b932e72aed10a563ca5ecae95e3fb6ad53145a54d0c81fbe9ed45f0d7d6aae11e6c6
55,49f59714a2bee203f1966ee05edb104f7d6c5d33fb5f354b55b8cb7f4d86309b851fbe150873dafc6bf497bb3c1170625b09991f88b53eea6e5446b5e6e4bcff,71219d0174f13e2a9ff9d234bb426905e7b9c28b70296bd7e5fa9e34c49c1e68,2f5ae94f6409ae6504e897e760372e2e2dfb1a19bc3de0b38d81c8370730165666d8c10d935fb62d4ac28b33cce93c0ebff2016d214a30599a15da31f7e701a8
56,f2ee8943f3cf99e8dd32fc283ca91b0c60ac06f74c2ce375a1c46c47e15301f0f04d3be14c826f607368e3b734c45ce0d5b8522aff1ce539ce800dafcc354ea3,14ec24fa414a93adde4eb24835046818a1514ec5ed0d6a418a0eb3cc8328d461,1ddb1d9511df3d1278ed0f1fdc9b297cffd402572f6d672a349dba5c4423a852691de771d2b5e5dc51d675e932eb661258042c602d5e20080164a792518cbce4
57,f5ba8e36d9e4429b53369250da12673f319a04403a446ed267d265eff256d7fc5e828fb56d468e345cacfefac34b5d77f017ae97b516bbf3e892eb750bd58c96,830e883063fe777cbc3de0b5f102d05e8ddbd563b73300b5baeb1a221b178640,054814a459dcfc0490b67ed163e6e655915547ca9d6857ca9d80cd023b7bf6821e8a0f13779b2da9ade3e40f88dd0917522f006de86d03da92f22f10f8203e85
58,8889b5fd339ef9fab48b69355e5322a0afd5c05596d13fd36fd15a083f3085779f200bf1ab6a154c2efe789eda76aa6987eec2107042eb4da729bc9cefdc6a2f,dc3c5d8f31051d3f5b0e1b0e0fd96534e423e546a2c617b31a06b532fd0d4808,d6be12dd80e184e6fb0d5d47da7cfdeb3d2cd5968c7dc9bc8d1e27a9fcde0a3918efcb1fc769700873949c6ef8a600370c944ddaa36a0957f6497945a1f06f95
59,ff20dc8572eac31d4c32c08d22f41cd6740ff9fe89b86b43ea73d7ddcce3397220daae8b35bbfa7661d2a85546d685e9b1f55da2edd600b6896a5f08dd0cb3f7,cd50b8671aeea5ad9c49a84ba6487ca11118a1b904fbf4a24a1440e73871a0e4,04e9bf8db064590e4bc9185bfdfb57b50e135ede21cd3a849d385b798c6ac17e367922866f626d3e09b2c5c71c42e91c7d4cd021ff5b794905c45b4e71b4e43a
60,78906a981ed662ede7762e724807068fdc17e93ed8b2ad9974e2a99eff26ae07c8eb49e044df8b20a0e25b9fd9ed33cac3d97998d678a43d915b8f135cd4ee3d,006cbb0714ad076e7bd1762ba23aac00b6707f7e5e90d1ed10dbce5577cb6808,6efc2ae219344961cc9bd01484325677398d19f67e35ae5db9a96fe65673270d9e269e6a9a8090731cf18ef2111784a4cc3f807ae3e5c97e5aa2b4cf9c2abfdf
61,09e7332400a54edf5b75b77fe61598e1601143ccf92f88fbf0f624e5d99da8e61423d2a178b76cfde8441eb962fefc34957fc9b269c086a52c9181e08a21e512,04395f3245493f16c157cefba6a891d271e3ba297072b7d60988c586f98cc200,6c66f1e897e4ff6e1e2540a736c278b0de2a7ab29ed3ec9af39f6aba56d2a887d90e1ce966cdbe7006184b4ae6c3eef7033fc29d042faa0130fdf87d387f6d09
62,a40e397d357c63357d7653b90f8ba02e9f769b6232f665dee43b4e81fc963f584e378caf5896583e089c272e14cdce2fa95e8c0e11af92c5dff63914c99d16a0,f25f6f954eec48639288ce6d573327d31acb3ce981fddbe94e20c786960dafb3,c8471bc048efb5b9ae437d7c4d9b9d4a624cb099eccee9023edb7086a762bba7956d2a9af5145b81d17bae6e85a0036c00bede25639e3dbffff8d09b7a4772da
63,74b8dd953359a7e44bf9425bf52eb6724f0ff016eb54e611e4f8114a439a613ee293094b00a80937e61b3a75073aec5cea35d83672c9e43f34c97b0f530c2e89,cd6443e27eaefcd32a8b6e8ec4e67079970d90e379b5ae29bfeee3b60fc0b16c,655ad2496c17796c989a0774c4834f8a9155a46770a7b595dbf7eee5aff547d88d9989227a02e771c7ec64b128e3d9973a1a4cc56d341156a948a9c0cbc023c9
64,bf7cecc3a09e944d3f2f26b2be39d4f514f5735de52ed3dff29ca078ab62755af5c4ec0df00999b3252e5c474090b14e248b952a7c7324a0af80df34bec62c33,ae3cccb820bcf8cfd213dc07686beb730661a3011bff349c773792a1a4cd1dbc,8e94d135422d1881eba2e1403432fcafd43a4267a750e52e0c9e9948e4b0a5589801824b743993071a94402ac3a78909059563f9e316ad9fc5e4417b6da481d2
65,ac3b51c43d098dc056c216c99af2fdd9468670b74b93d8899a03a8840c648625a4a0647c87b57bee525f34105e53a7b0cdbae8659338d00e62245053c351df8b,a3816eec60a868e1fa1f5697bb2aeb91c8173685083f371b3339f6c6e31201b8,698ad5cd246f327350589df5b667b05a5016e7f6958ff2fee75ee519b49dd9231ed3de85d5bfc7c93c8621377298587a355cb485241c8c80f590656d042014cc
66,409aebf422af87e227e9d8795ae881f897156d462a40099048ee51193f9fa43bd7d23c65c9d9f155e445698fa08981c54aaf2286db04d55c8e2bfdf725848586,bbe5334b00cb411b3184fee761a16073b10b074d552f36f0d4cda8cfb860c4c2,38c2697f88397a25879cf6ad31b44335bbe193a9e7ba33e69eda819b2a6a6555d115f0c4a118f7321592ccfb565c67c111d70f8d0db0deabd75d7c835889bff3
67,5e68b281d1c9bb01f4c6bfef15e94ca7654d64ed37d5d4479e12ac78f9bb8230216f6c598929f47d80229dfe36686cbe6c7a93d6cdc2c7a7614bdb2086d4bbe8,90dbb522c3796c7cfa743f1110a7de7afe2f7186ae85f4193112abe63401933c,491c96ca91cf69d8321868de398fa4e231f6d85aefe982881d188e4d92eec05c7a34dc27a71f558bf38085bf3aed20009b20fe5a7755f3730fc9db16b34d6004
68,2364350a531b4390ed3bfdcbc890e8f51b8337518897d64bfe18147102bcd1adfc082021367fc302d9d1d5bd6a80aff4945bfe642c098825bffe318a03075209,4f51c435bc95972a2966f06eac6a7810e320e4176a94c737b076fe5f5a2461e6,3d3a988fdf9ac6129718859c1ca2e0cfb95d50669e74bec484143a28b62ae0cbc8538c45f8df868944ab3cb9465c677200df9475b84a0a4dec9b2d0b4051b3b5
69,ab66455f2cc8d29d5493945f0a44076c11018a449c4c6fd1f0afda3e7c0a23170fa55ff82134521dcba4fe152c6594e6a7bc0d6983791094abde7ee0bacc7da5,afddd4a67cfe814544404720f8b737ee11d64be18a9a448c3cf5afb1e17d4fa6,fee9727f9dc6110156e1a315ab69328d8c18c0c9d1cc3f6d0b43bf984ba770dfc6925fe0c9b9f1d3983201f5294f95b4329631df197b1678e0f2f7b8a9d65b39
70,35059021b9c18f7606f43642aa6098d25c6f7fba97f79253d6fdb018e246b757be6a16d578c22e626cfe39365eedbd70355d331d18a1642125799031d417745a,0a4a0fc5c8efb2e5ef6e0df9508d819abe1378b48ff0466facf0eb095be81e9b,18f1af8442fecaa4d1e994a3de37e231c07d2d70c1706330e9075220b6c47d96c51fc9ed6debf530b5a0ebf18c2559647ab965b9352661831eb18fedbb956618
71,a17af893ebe55b65f1bd610cd8805b00912df32991070e37662943e508d4501bff815377a2e9dfafb100bba6f80c41271312578489088f9cba344f35ef86522b,f572bff41af616c5e27b7bef1eb7eab44e57cacaa8e44d2155a5bdd3e4e37235,f0b153dda6a04944d384cbed5be876736ebba09948b67c3cc04fc479f5218ef5dc711d65707b4bc03f717b07d684e31bd074bb6e195f85af3500bd8d5c19a890
72,3bb6253d2945b563eb1b462cd7a19551860185b35ad8142e7c920cc190eb797ee5f708f4a5b36197b3d398d74a6c7d5747f544d3b9346a5bf0310c508ac53317,ffab53f597e789086eb6c1aa0969d6f4ca35c01f15bf5d39cb8c2a0c57e75daf,01a3335b8c23f38a679f07739116a733e783b43cce573704b927e6d3bc406685f90b89baa3127aa22009af0a5ddd3a41303f3ca44004f258dfcfd8ec63fa68ca
73,0ca9f9592b9e4e063dcb08aad87743a35e5a40a5cccf8c2cf94ce7293956d9a6da37d8d68fd7bb92e7c8dc09de534faa8e31aba45798a30d07889dc18a00503b,46f6c44ae9030513b4d2e4994ac20f5cd4adbb4ef720c804dbbe26e2f70809a5,7a694773bd99b007ff87d695edc16d6160faea54ff8781fd35360c5a4a89292d03352238df1e536fe01a66d05688aa8eca5f834fd2eda20da9651fb6c57497d9
74,44f5ee1b666b8492534da895c802e8a0c95c6760c96c459d52124e1ad826a114fed920dff570ce6017328c2e923c15b01ffcbcf6abd275e6f92a7b743c9fe38d,c6d102369a19cbd0891639367469f0603ac9435b0ee28dc83a5d851bf6d08e58,3b83da21fd6501f3da70e6f3af7e28f4374d77a26909d5b810f5ed559af31d48ac5904baa7f1dcf17af61e2f95f2dc38301cf787c10cab1820c56b8e1d95da74
75,430948d18398cfd1bd1e1365fe345b9ed1476e1810e3bc569f6b8dc80d04bd1f44b534414d99c40157685116057e435ff294bf506bc7f4bd2e547c9ebe9189c5,0062786ed6a12feb55a36b35a78cd79f0ead35a4e6320e138e105ee72e5b51f3,2048ec34097f214b058bd0b741e15a653752ed74872edd4807e7ee3e9485fd71b3ca1e5495ab47c2636bc0465534a339c65997d287474adc8421a4ee583e66ed
76,f909b8554c9c1b10b640d6bee73b9ce6bb5ddfab63d94c59ef355705ff170aa5078cdc41ec152dff2f0a0fd64a8274b536dc9112ae6b8c1ead5d6034474b3bcb,b9fe19e666e35d7c9166372cb1bf31ac9977c5d7418224d59dcaa27929b88281,e81ef214a18d68e54c48b8c1a194e379dd59c11a263d5d62f98abaa9e396771d2f6ec0d6761cb971b12874d5cd6311bed8bb8961fb1815ed3dd41f25db23c461
77,542771d414e4dfd5c53cc3de96900ddc552684fb1bb8e9fbb5cbe742cd36fc792e39ea81c1c927823aeb193166078ed339605178877554c5cc3b41da632c7ea1,4ad1925a9aec130b3f0ebfac5c62cde525a7aa9a5998374e71a6e0750a76e0a3,8fe44f5a1657b3259a8577b36b031741918b9b57a33d2e93a0cb6179edb2f9bf42a86053039c1df98581492b85fcc712189bed4605c8cfe2b9fb13ffc57b6313
78,54a8d1481aa866abe24c842280cbb4491acf48569ae5d671710fc7e001d634a9397f5ba5615e9b17c3ffef5458a6221090dd0b643c29e3192e577bce5223a800,05f9a87304d5e6785eccbb15c1ec0e7b229fa6cf9fd5b219977953fc3b95ee68,f7bccb0ef69ef4cfd7e95a03fc35b3c748ce7edfeff570838386a1be60f4aa7e4ff3f96285cdbb90a41f370dabb3e1f65b59d3145964b05796e13dfbd3de79ed
79,07b5b332f036a8e4edc141fb7928fac0c44ed069fbbd160ecf6f332a9c9e550337b7783f5c29992a51c8ec3c0e3b5883700260ce2126bcfe06b0cb8964b2844b,99f35864b54bcbd9c09c3e9dc7177273dcf16967b2f08010d6bd5219df7cf05d,a7820b85b4d20a6ad8522cd77be07ab953619c2caf8c92e8a2329c4f9b19b77435076e6103b059353caf49908247577efa92d360f0ba547e01a31c3dc9e02f7c
80,807b41a26e86776032b5b8e0a6c1167b3a8a4ab114eb034f94dac03aa6c289fdf03446c58ea814055d59e9e7aea1d3950ed31ea450566a1d9e9c0dbc8946bc42,ecbd49ad7e8a4b923bbc4bef19f604302a73510e56b222c188f13b4be9a4c7e5,a135e2a1cf278ff452c5a3c1075a55c65bd15108d9662eb2dbb164548d60c5e0c2ed430f3c1fed564b4a25fdb5d9ce09c1ce730836bb276cad15c5bbc990b6de
81,776b84a464c0ff63ba930ba81fb3feb23af2567905201a05a294fb3de58af7526ad7672b3f02f18788293c5dfb4fb8790472840109a85f8af72c964ee9d50719,22f67cf2c9cda04b86fc019b08f2dc03ef4f0ba747df6592c47f10e4f65151cc,675f0a68675bb7031b0f5115491ced0ae04d40cc7e9a6d2c765e5889cddf678cf669eacdf62ae7a21679fe305e357b3cf11f08c3f3462b5797fbb2a79413036c
82,7e2bf0e5fecc2f5f3b9e5fae3420c958831a048ec5d9c1e5300df6a156b47ab32f221608565d0557e90abdd75965b013198aa69b9f23392e14655e6136c10ebd,66d936356079995057e3f9df9c4bbaac31a60c3383628be8779ae9f1b6aa6ffc,d70ff9f08e6fae32bac548910525ff6041017cf49d60ceb94da64f9ec788879a3ddbe3cd3dbef4128574fbc2f7c49ab869a682d40a21c2bb2ff19af22477f9cc
83,7e922d8c462dbee61f8af3baa449171e629c4346c5e84ac31c4be60c538b3c1912c31884daa55ed537677e31435bdee4c059f900a2845fb9fe70e8406ef0b224,3d5ba48c742bd351d9c71c48b57f11cb94216f72232158fafe459d411e4fef9a,01cb40657db5dd7cde495b0ed6234b0f06d06e15fc077cbd4d4a0b5fd857c522cc9c060a5efad5b31b48916999410ff64c0d4278edcde625456c504a0569a99d
84,492f799492d29dbc6c847258b09c4df2f0ccfb48a84fc16d81c7a90a4a0494640eae5580ba369161883f11e06593bb4162a5644519ef1d60d1974991d140d911,d13835d03c3da448169c8f587c26092bdda7c4977cd02efe9635b2b22249a665,37cb260a25aae56338a81f742dcba7e3514683d52f1dc1ead776fa9511d0ee433b3dfb693cf0343bdf10cd027e9e2f0ade394b408e77cfc1755702a55dac01d3
85,d29f199ec552f66330134b773b151f0ea845c73be1607cef86b42edfaae59051fa5bc5c1f6a9e072eea2fe1ace441a56858740c69448f1cc407b3cd02be19a6f,060422f45d657cd3e2352abf11b65526c16e5f500a81db8d3ededccadf8a8f7d,788a3c2b238d0227469f7c76388d72b26931be29d6b84be91eda450a5b6f1476446037f4e987f3e1e028888283eac3e1d2fb1e912118b5f81581c3d7dea2ebbd
86,29c4d507e62f28c8df9aa73660bd7dff091780b225cf1e02d68ed84e82df47e7aeedfdfc3d74093cb7737058e5e9c07e3845ffe0bd14fca0931982a07ceeba93,85aaaa887322f4ceef7561a573822a7c921f5a9ff7bec86270a00b7cd0f3c992,64e991539234eb948a8b8a1fbb03c02090dd2c1dd0d67bb7a60fc99fe7830221eb58f458fcb042817c05713eb84f8cfc32c882b7c125743dee5fb07dde63706e
87,610d0b21299392f6cafbf3df13cde772425627e7288decc997e55888df996998c68944490f21521c53cf882b838b17c687cf2e8d05e9c4aa04695ad34579edc6,80f7fa290d1ac797621a64bb59c8376a0b56ad41a1e718cf960ec39b40dd79e8,341f5dc46883e4775e90a8ae8e952bfce714bbccfe737dcd380d9694c1e63457ed3f2f7c32d21004d39ca86494d49ed871938e71b9ace56640eefacea2350a8c
88,c3f5e5b0e011a1ba7843c02711230b65fab0351cdeb936d1f13da1ee9987f7b76b230090de87fea8b62ab605fb8d05d1fe032c4697b13401df5e05b9f6ab1efa,5522c5718a657a87d61115a39808755521de70064b17e5290c9b84fa482d9520,22693459d53b2dc78e582679c58b6a612a884bf0bc9eeeb3c47797ff77389fb03403dd63e71a1860ef4047390061e3466bdba51bf5fb6b7c2427e77803e946d3
89,912062373d26cc9c7460e1cdfee420df05271bc41c9f4230e8c40a033b2e8e1b49527999ade253484ab316079750e5814a038f88b157f1f788ef1eb3a19ce7e6,5d9153eaf3ba24424ea7e574486e7d91dc013652963c6374386a0e8d9768f684,5dea12a390663635769e2e4367fd89f6e540828e902e9889fa9b4f6b126432c7547fef346e6c51fbc4a936618f63d46b9c7712622cb1574492aab98a35d1003e
90,328f5a334080c9e4c2c665adc3e537dd8420484dacaf2c9eaa9458c94625f357129ba07c9a5c6cc1d1d37caa46a88b7c1499b29733ce37381e724adab58a6e1c,0bc04561d0fabf372da55980181862caa0af6cdb7356079dfa343cd7184a36ed,dff26931ffec14b5a11a6ca0724a8c8874f4acac77ce4fda8995d0889546758799f33ccb6564bdea93d97120eb4f9c1d070815ebc7b30df2e038e01d838c64ca
91,65bbe9de9c62ff40e0ae7970f92a724695fc3a6352e6cf5e22ae9d629ad8829a91b3943d5c3cac793544fe609155d13fa2708383764d2c7d7f1c2038276dadef,8a0d6de1e6452c331ec1cfc228f7adb5dc7ee9b99215de601931965fd1607fe4,714a26db9a065e034ee1f7eeb765abb03bad4fa5e4ea7510e8389d100fb144c9ac89e624c7845a944f48759af955a0f57377c44ed601e71f93ff7cd1954130d1
92,862f25e8c4d9473edd721bc71faa144ce509867e0dd6ca72226fcec9c5716d964fbe3f0e1672d9b8930e47c277fcdc7842e4c8c683780960879be97922ebb25e,ee5d5d1eb27a5d206a6f2e2f09676f1a2487809d093924036e97ea9b0ffcee4d,09f1ae6c4a17c573d25e2594a061ae4548cc719ac6b1920b1a0798621f2f697d7cc3de924de3218bf0fd512e15d1d323089b57cded5fdc1504b5935823efd865
93,0aaf87301e43dfd5876f066e8c4bc8799147a1b15db00d35030d3c8fb6a950a6ecac6818a19625a9d3a99d0bbd3ae8498aa0f906115bdc8eb80ebe6ecc2d399a,84ac2551ad258a4465ff77e8ed32a7f532750d566d1fa93c1703ab4261842f67,9f07a2c9a7b875a3728a3b75321c52d63a05857dc4ad20ff8af740fff1455f910dd23187888d841662165def2e63fa4018d745dea0822d59adff96b74709a7e7
94,0ce7eb3d4acbf32b66770dce83cf9a206580da1e4aca607fc1a4e50d837ae9599d1a83f762560732edaed6450bd9d4c0282e12bd58ba57a2e2f377bd4ec36c6c,4cb2fd25eea73e33ca99cce787c6377995ab8ea23a2f5a4a29922d6873edacc8,00f0fd77c61ba75137600c8881f222184c326d10048fc1ed6c3c1b6e4d2c7ff97e82184e32d642e2c20541623f92b2c29280060b0b2150102f734500f8bef596
95,3e8fbd5de2d444deba6c8e1797a2daf4c4a96f5e584923ab0cf6cbba19de7ca7abf9b26650625eda52f93baf5cc550033d87e70bd25a217e4fc34b55a635a12a,cd08f0229913fcb3e63ffd33032bdc95864e7ffc53c0b12543810810064a69a6,bda364701e52f163edabc0cd98a4ccbc943f1eaf524a35717e83b63f71a2f6b563a021603f96862fc8b038d937dd43b258a6c0708aabddc22c9aaa6f174e3ebf
96,5e76d499f498a50c90b966c8ad14cb5b7b9115ddcd06437763003e292a5e9655364131babae57a6b46b028ff706fe673864362664181f8f074f25345b75b541b,993c518faa8dc0eaf7f1763255572fd5ab1e146bb30e4e2a0896cff67e0bacb8,1a0302fcaf49f777fc091dd1bc56a8be55473ecb0ef617e2809c057376b96234802554029615652b16b0b49c14351d1536e3cee3c22df1c4f07a8a194f16abf9
97,8abb7afd4bfd5c8c06582a0d1759f963fb7b1d39fbeaa656de750412bf07d79de0d080a12f81fb5ede493105e5245e96afdd3fed80a20984af17adcba8e6d3fd,450cb57ca4ee343a59d16c6dc252150c0c9da00cc2c92c971a42b6980408a7c0,83b92a43c536bc9018a08c8191c8236d53c9f665fe55898e50b1f254eab7a5826bfec79afb4f98a8d47529c78b262d2cc486f322a9ac84fd3090d457df23a074
98,6354b1d3bcecde60c436b2272cc9cc8bae958e467ddd5a78d77739be570908645c39b1c565ef018771f40304180498e72bdc77a16b720c99c64fd06a13ddf1d6,eedba5c2d579eea76d0ac0226d74f36fd509c36a88fa25cf24a9cc8be4873d1d,0363885726996ba3192e20d1749ed912cba7d2cd6284981d769d6cd9d2c7176c26078d9f00d68f9ceafc8d24d83a25e7adcf1b6b933e9c1b919740c233e2e02f
99,378438cc80171db0690f679e49d5cde1452c209dbb1717f4b1804c13f68b094134ac504765af724b991374b9677e0bc2e63996c86c496dab43fee6f9c49f1e3c,e34636a3fa674cc0b5231d8315382ad41ea407b5cc58d7ae52f94782675bd685,25d42e7b27a753b26099cd710cf845462f6c485380c404568906756a9836c139ffa9ee75f0f74ab68d891f725f238d8e8f01a233d86f615bed43a1f28094a90e
100,4a82c71b6e3eb0f90510adfefa26220f090b8c360a1c32704a99d7f8d726ce1bf46a6fb1c2660e19bd7737a54e3a278ee8f6a82d8d55afd9b06ba30f80051d71,0cb3e1320efabebbfc637437d1ca89585a46b050bd4173e061a6e73f6e656da5,4cc88547ccc25ad6bc9b0c015f430c4ea2013aca2f5f5ae2436609ee332f89dc5dff084d881f790ccb76d6ff4bebb3392bd9e206231e1fe418ef2993c347c44f
101,532e6aa6ecfd9b27136e01d2ca783a12641cfdf8b6a9bc51b1e9abba98a17ae6238858d89dce642038056871d33419dce371f31419fa26a00d8d8f5ad4acf469,c1e5e0520b8680d49e111c90845c805b9b82dc8627ae6bf25310ea629decbb65,db4a10dac6c69bc4b887800a175ba7b55d1bee99273812383c4f213ff0ff07e3cc3d3004ce1355f7f78f38d576faddfe2c0ad3c0512003e47627a2c9188742d1
102,2753ab8d90635512af5ba4438c3b8696b3aaf0346f307ba844ab0f1ab1c8cd5426c6d7cd12ef38bf55ae828dd7c9003144b6475617764f61565f9b633c47d9cf,98dcabf69c5daf29e75e0845f430da00c610822cf3ca37e964a902fc374e0e55,c0c0694fd6752891b5e209c9ce934d49c4eb038fed399b13d50897a93a167e5c82f06b583202375c8f3d42369eabbfebc2d5e84ab68c4dd1573903a686c79369
103,1098429abadb03d933491497cc02a7e6030ab98c89b4610ce92e650932fef5a10e629e4e89c8dcc43018a1255a8d8f3f9c8f82128da85fa870209a43de5befe9,d55083b4be386f2a3385845ad4be551adf11fb2ed0757e0aa9ffa5b122b6ad30,f1cc0ad9a1079658d0c3c0ebc4ed68883053f460d122dff22ca8f90fcb3a43c1e41deed44e8b061df865597577879e5ffd775e5912fb79da028bc899a42e52a8
104,719c1776ff5dcdc05e1e637e5cba8776cd2caa5ab58c15dc2d7f419f8aad8236262c1b84fc8f93a4586bea0b12fbe2598322d481b42496c0a5cadd526e2d1f9c,b6fbc41c47089d0d5457850ce434941d806a0da007473313e1d71b3216eb5fb5,0df4000a15ceaf295546f6a30f24566ac154c79a6874ba8bc2a712eed0125de11f5a8538424784f68740bf250d7e688308c8ab21bcf5836f3b4ed689c5ede37f
105,9a86978b54e8717d551841e37102aab3b443a57d48b6828bbc260a5c84ca5d6afdcb8731cd1282c823723e7eb54ec865d758ae4a154e72ce21f21303827773d2,638371927fa48370c4370628955601f6d745c60fef6ca46bc2e98f371ab72ac9,62266e26e45d88e512a4ff9fde990a5015a9e9531ac1323ea78732b233458ad3327172402f064f99bb8bfc33a939b4c1c55e87dc84c8488c2e79114804882b36
106,172ca68418e834dd77f561a48f9312c6adff27a888dc530b4d8085bb4881f6302968c8c9f91c5cd1e23b921545e1977ddc9563ff70dec5ee836a9f8e6a3c99ac,f32ef467a3b913325eea8b1c398bc5131b34722b86f2b1d9510523f50cacba66,94703d16123e15a04becad382ef1277f0764c578772cf4455c34a82777f0a38c3672b1bfb7eb53eb369937fceaf3b99ff82a0590d93b76ba1a6f37a8e2fa0b75
107,ce75d1ec86022451ff3408fd01ae1cb751efe7d8e675abb7f7f946a434006e4f178211804676e1e446cd9a52c61ae5945ab51f1495964a7cfa65948b283b93f2,24b981b6635697cccc4038ab8d689c7a9f9a38a1fc583ae43e3d9b37c2f9b0f4,655467698ef1b2bfd06ce4f090cbbcc44b33a0404991ea2338985dcf5e4e59609c063f7b855f1ef862198a865b41279b501ffb962a9a553d7ed5b01544a43874
108,5e7377abf39a96b86c8363894031ac7346a8c6241b95f33246ac31f02139105356cf01480420aa5fb47f7e20f908345ec03f96838740306b6f8e5ab06b5a07ed,e061a5f958608e619541dd6c3f27dd6679ed632ac8091fb46f679ea422ec83c9,5479c4791be7d8137b502eaad5209684949d0b29584feb9453817c6687c79786dbfb3bd6ec0fca3fc7cc6fedd0a07970640fde79b5060651df65cb7f4b548528
109,a3c5315a27900e9a175ecc5192f89f2aed4dd872bb99c8fc6bae6e2c78e4503f978d29f09abcdb42a5cf84770208bed35f9ec4330103ec56ea96448d1725d8aa,b226ee3223b391a88bdfeba4bbf6ec8f03459813a38e9280a9df90a705417e0a,0834b2d998cb52430f653c663ddff8bb925b3c481809c5343e358ebca2f05cdec3e5b1f6b357569001b303969fdfe03c9c6e9d1eb1810f7e2b9f8908b2bd2a1e
110,f5a7e15a3651325bdd3850a42212517ac08795df803146f4605acf4dd93f507d46e11f80b4df9726b2293d828bef205d282eb5858ad06cd2f95398da681551e5,03eeb0aae4a4b034faf9e52521f2a4cb2c2ea25fa156871b8daa66f7932b1e0d,7ae071132b98d9aba3311c4d6a3c631c83dcb4b63f952b43159102fb3cbc5f1674df854b00e51eaf24f5db42daf33b4a11571e29b7443f2de7c3914dc65bfbc7
111,6e962ad1e1cbfa0ab614e06508130f7ce6d364c14a21e68684b4fc04566b127e9fc5c3592fd29997f559bdd769a04dda273db5d17a8a69931a9e42bf3b66aab8,ec245900e30a9fbc3a6a2bf28197de9af99325c23c49142f68715116f3bc2392,3f2482df7e98ba6d8ca61798bce59a113b0da9459b02cc7fde442d82c3fe653344ff46bcd502034f25a0b7af13273dae7e3771b7c324a779ebef06d5b81badbf
112,a9000831dc225729729bfc6e94c309903569c4833e1447ae07f4a33798138ad4a858b1b2c7df9836b5dd77732f031564a4e74acab7d0d2c27fe04ecb907cbdeb,079cc089fb2d25e36ce60caccccf5c391c7d48b732903f851d38ee27cc17adac,45497f877f2f4e7cc5bea88c1c0e49a33df53dc5a7005e3d717e6fdf9f90da7029eda97396cab2feb06bf66d98fab6cfe4a374135c70c076a9f31b76c24ff4e9
113,c099ab54c36d88b06de98f9fd671268257abb8f58be9c60caea5cd1c01591e90a78eff54fb8fcd335a6152fd68297b1cf1db2978f2ff5a3fc3ef7ee729cb1772,28e68553a9fb0765cb8e72955dfddf761df6411672fb5c5de650d2147994a13a,3d95164ac8e15d1d9b0bb8b9971b24af46140a05f0b44ae9b1f3efa0d4fe7b654242b5f813044c1d20ac73fe396cb7da27f386842803ad61eafeb6b38fd1eaa0
114,7cf1076584a2e44a64f007c0342ed0b35021e9ac99258f9965763efe2e7df3a3593c8ba7c33e85fe4b14668f2bedc82ecc2946c022924815b6240bb0f68a8d1c,4784bb8c4b1608b281d240757189ce1b683e423efe5c8240c28bb45d8e42ac1e,430840035696cbcf8fc560d9feb8fe908be26c93b25d093d13654a4fbe66ac5bb5202f4c40f023fc791ab4f3b5fd0e1154d65b081cdc82a0afd6ff89552e2882
115,5b11e017c8dc48e0c12fded8d00fe1caaf8ec91270e959a5a4ea506cebb6d3cc4884674f96a0ec5e1ca6cb8baf964f401cf5e4db1e2471571064fa481ad707a6,f823e979c2b40069088867482d7dd4c244b0bd8431fadbfe8e3b0ea40680f386,bf559585ba884cfa64ed1960257829ec5bf3944069e7a0edcc6b0b2f3543a5530771f5cfdf125d2e42054dafa97cdc688570a2a4831285c7e4c0b7d771e459c1
116,c2d19382462cc73bc30c7eaf1e93f7e17dfd5715c09fc44618dee64b63e92fadd760a58fc85f963e98e9e525161e1bd5921f952acaed910bc13693e63121b8c2,bb83298121790f9d207ca4f0372833592dc4e3595ced55b418328d62f6a0e43c,f7c6f81d388067f9e78a2a5c547000cc906f19112917c7590c06d3b3f1c2477cd1bb5c861a7d4354a191e6152d430af9c5c093b054018935cc434987a697489d
117,0c6c2da035e5254bd9bf2871383b3562f11fa5a3457d5d914db7b764f41de6dd4ad963afe48623a26552ffb76c7063e544e66b127811a4fb87dc0721dd7c7b26,41bc9893a4fcf16d98b74c540387bb1f4d17dc7282238032f0fb5aa79bfe84fc,5414fb03150e0fe14047643e63134916cf182a73dee699be0530f1f774f629c9b3445c5ee69d9a9ac11580ba411a25a5b0fe2348bbe16095b6f6d12ece416fd2
118,b89714e0286e0710de7d2f037319fd40fa3d2465a39d69f30de805c7bc16879a6ef9f3673f28bdb26f89787d555d329031d5eae98f4afa2dd0af49dbd7b69dbb,a08c95784e013ea85c281abcacc05436905e18c4d370edf2a7d3737d7ee1fab0,d626ebb3e0128e081eb6f70d2839438040d08bbabbb1c2dc06fc778add72f5537fa79e9029c3c69c012f1f7ae1452c9d49b358d82534dc54d52aed7665a3c866
119,93679f328b5c607ef2c2e281db78ac897a54d422d96af2aaeb9a2027483112e7a2455b2304e3f2563c804159c7d3a7f29a3b6007aba72d0be16136b6658ca19c,698fad9ee11035e184e2879a5aed34740e078c95750ecba413789cb875ee3f08,977dcc68ddfff5e3bd4ce7dc5db4293fc601c0ca44086c63a93c76e3877910ec4f0a7cd17164edd96d187af6ba3d3066844e6f8d6cd97b103630ef64377fc828
120,44e387999b944d63af681cdfb28f0a6d0705362a57c2927ff6255ae81433784434d1ff127b0d2a79cd3fd5b0694eed5597ed7553173e37e970294be96c9341fc,50a679b30e6c7cd05af9f4380ed6838639e7bd0088cdb5dbabeb9e3cf4a43ae0,a7bb447fdf73311d99da70011e23672141b3de8cc805865ac0f077c57d06d6a855b8dbddcbc47580cc15ec42dd1a1ab4e938fc40cefb6d6e37fada2847d78274
121,c875bdf23f0e7e36eb44783e6cb46dc1572664e3183e407ce0a4c25c5db79dabe8b1647c06e49a73e3fe238b3c4a8d4a20a651862c6af3c2007ac52072b5fac3,47d1cb3bdad2641b007baf3f65760ed69847c9fb39f8e71806fbbc4389811dcd,f101914cc83b72051d7a2004c5180056c6a19a9b57033eb64da79d20f3d02b50be932644ea69c684f6a686cc6eb9c9875caab5f08108877ca7334dd269e8e89f
122,851c636e73c43751d03d9258aaa4447840c10e99633e397ddd3968454edbe43ea684b1e89d3c3eb594d80ec15673c954210ad5b8dae6bc0008a42b003c97bdb6,ca022bf53c183d2aa32ff673d2259bcc0c067a00c7d289f7fba1bccd06f39ae8,12d4c9413c53e597f35aaf74040b7bdcab0a6d143179056a1018b153898c0a15b795eb1f85a5e1c27b7b4a970d9fff3cc49b5a4f81a88fbf7515fb822f3bd24f
123,4e3824aa7a93d13a483b59954bb14a5c54331d36056184414176f6cfc52846b29b1bcefa27447a0a1cca3b6f74e4098f6a5f7b9352b697d7ccf03381a5e10bec,6fb744d9e41b5527ca6fb4e849a828724aa2fc1e66c3b4bdb73f1b98b91d209a,596a4b33f43bcff4c7be683c93268b18f384595bcbcd9bf9b6ee700f2001a6ba1eeeb7d69db0675f4d6b9e13cfeb77cff3955d71f1e96361a0334e419ff71481
124,d93df31238fbbbc2bf7eecd744f583f5c48fefa27ca1cfc052edc194b0293eab287473f3b0105d1e4ee5d537697545a64e020881de6d8828ef14b12a50af1994,ff6102805dbdb84bcafa95d85e53d1e5068755c9aa1ad39307ca657fe6fc5c04,eb5a3ab41c180fa61fb4662ef5d5ef0a73b9617c59e974d940ce2c60cbb423ee51e510f09316356ee101c6561925b11eba9e0f5d651375f41881f4a3940f1766
125,0972eec7f2ac41be461f6e7ccd20138c084495dcae8ac34767ca4621b966c9c05b11b7d5aec69a8dddd1de6dc85af5f063824ddbbb466194136042bee959b226,a761ae3f95da797989258718c8ce412975350cb4a66ef34db93055f0a27b5862,d585e6092dc1059765d92149ff01820f6199ff2d29d8dd3eda248bf2fb4640f7e8f846df138333c36a10b1002146b5db4cf704336c57e6e1416f1e5f31e0acae
126,5738a1ced46d26d3662f5c4b30bbf79843f3e2b769c1a97617b8f230fb6d54e8799d8f981a4d2099149beac71798699590aac0d7211e1f99e5e28f474e41a11d,dfae32ce2421d048535dd335d1660a266369b9393dd23d8d5dc03ba36dca512e,39f436976e3883a2cac0b50f50fda297b3d9899a3b7aafcee9004d788a9a3c3f91bc10679121e98c7a2cfa34ff6340ce55fbafb97925e4442b5a92b166d90d61
127,7e6c428d221eab1bba0e50ec3eb5bd7027b712caae6e387ac5561dc946860d5943f04aafa5846fab58d1cfa92bba59d04514a4f33c9846885577940daf43eec5,71c91eedb886a36022a04b068e0df9434a34ea5b4b57ea2fb9ea3d551f0a38d1,3b22d7292321d616d85d9019dd4e54e0ef912a9464a13a1764c923dda1a8dbdc58e9a9ec3b7feee2dabc530c3829780fa249eb06ffcfef827c75d544a8bd0571
128,1a3ffe06473906661976263c9ad0f14f3de23c2ef81a1cd3a07850e1bcfe5a278af7d29a85094a6ddafe9d2b55ca88236e2624b43c3552616f1d0b53c75094d4,dd8ef97fe2db44ad54a2b050294777744964a83ac6b8eec03c2b46c22d33c56b,2e1cf586f0ae308a13fb215a22939aeb275dee5f86de9abe06acc50d492b754417aa65d42b94ac9663adeb24ba2f8bde89777e223038a96dcd76948b2ab0387c
129,9941409c93ff59958f2a4aeffdb80ff6b725cbfb3ee14b07b8690f70687a2285f35c5e65dec5382123af3940454d28681d64655237f05275d375f26954917ead,536f008e7afd22c648747d474f44bf7a16c2877223490c570d57a97228380980,a22746d1d60a6c907267b50d2f2aef0b414824af09d9608d35da10ea0f9cd49a616051a638c216712f0fe6f06f33bcd9b724f99a8ab11e81d61ddbc4e296359c
130,7a240bc3e4e384b81afc1a17aa8bbb90cc90e36916d672fe63d34864a66dafd2a8465c19de565d2f9a887bf17a0b803da0298c29ffdb3dd191196bb9bf07fa46,e057d1a712e83d8c4e9bec4de6f93bc96a36fd18c16ae4fc1739e12deeabb005,9ae16c657c70b1d129cc7cc335505d29f06e5fbb92f9296e11af5cb32b0ad78525d9e1b8f24b53c45a07b29ecb4a65adb0d540e3996edd7465ca34c0c380fe6d
131,dd2505c7e227e203eae2f20ed5b16e2d7694dcdd4bfaaf3535d28909891d1814638da91a53fc77caf6132de1ecb0249fc2d108875ddfd781b8b08ddeab5e2700,a72b87e0c53ed5b0ed01bae1db94e60d0d25158f01b94c93eb3cd172538a3be3,9ec3c89a71d0191c348224b4fb0b92db97f3debaac764ca0cce319a947764f5787af895ae795d70a3e57b3acb82fcce5e637dc229b8a01864f653de8baefabb6
132,c4c0522b004be231ae2c7107c6e4972a86748a8da67cb3d0c80291638d090aa7791489215e200732a4d517b02662b09eac240d4dcb7ab7a84322a459c2449c7a,49157300827231f06f68af5aef1da033678e22c7b31b20ebe728dca1a2e8f953,39f6e98fff1f69469de3d554550f19d12ede9f73c386e88f3dac07c821320d2989dc344cd6dc6c07bdd6ea58cf5b250902e7124f51d8eb51ec77eb55925b602d
133,676d07861eb84367ab6abecd82a387037a0d911adb31cb17b75e1300573c4271b7721e28527a71ce5133723400aca567fd6ece0af1573073bc2a06ae5cfa59b3,db7884b5c898cbc044c814f3124a28341b169ebc3355f45522af5c0dd25652b2,18531031b2ea7de7df514961e88fe21c0cfe093305ef6bd88ac52300660b3e980278c573eb805f003c6077b0e27da062c46edef19372790af24ecbc8d9e04c3d
134,fd65d99bc1a42e3743aab58308c26b15f74438f610f1b2cb7205b053be95d70ef1af1077b952ee8bbbbca66d4ece4a8be97b41c30e3bf2286890231b2225668f,f0d8b7929560468e77bd291dc01815026c621748c00c364d6fa932ba2fbf9e05,42411de0b44037925e6cdb665feb6ce6afcecd91d6f0e6e961abfe2933046163cea213e8fdc056c22797b03fe9678b16b35a772cabcf78eabfc9c17500303ed8
135,520d924d566490251972d39d1eb62e2ff9f31b762300a66d9446d8eccfdb5efd5da36999bdcf05d5da513e6c5378cd2e4b97a14ae40974c3ba7bfd870b4612e8,94969393465473f6b1a49d3d3ec96428d8907a60749862e28409b46b40806d5b,f9592fbce942afa37fe82e9d79d412e5b700eb1cb7b0f550b47a52788e8662f547ce7e3f0514420e4b576ae4777f2b1cd2180df2770b64fd7e6f8ba6e3d7631d
136,e49d9f2a68f5fb272a0bb39a2c8406c278b4b6e96f62a6dd5f4f96affe95479a5f2c4fe3b021d59374e88b2b92de2615a5d35272266f964882213279d3967049,5051bd486a0f6b36ed1868e58eee793765c2a63ef9827ca797aaa9f8bad5a15b,d5d83db0e29025ac78a4e4af9eaf1f44dd477451970ae58fb86410fdf577d8e26d404be36aab3439385abb9e31739da2854ee758cb90ac745b063c81140c8a8a
137,319b7254a6447df2e3aa45091192e9e5fc39805c8c803bd85c49b0c71ec546a2179603a8383c471a26f451b42069d34e496ee5609f02dacf84faa9e968bc9802,e7b2134848f2932ef9f9142d5077ed9082b8ceadcb155ce7726eee27bec45129,b96fecacc41823c6ebc88d9118860460f851f21d81bfc9a4e1d33755435fccdd2962b2bdb45aff59c055497d66bbbb7b6b965bbec45a12ece23c8219efbc0575
138,41339b0a5bb1eecb8f46a5da515a0b2489546509f464a08abab33941b75fba104796ed581471faa166a936ef9051352aab5ae70cc11bb46f4ede727d0a50590a,a952bb2eb4d39c9816f9d979d7066f8a1b7682861122566a74e579c28b600b80,7ebdce513992e05d669e534ab73be1583798dff4be5c442a6504d01610d5fa47fc3427869f98df4edaefa7eee865f874cf628901ddf6952e728c6a720af0ad8a
139,f0f459b3c3766d8cf69f3e1e55fe3f81665fbe1262ad35011e37d3a9af09c885c6a7a3b9585a864720e1dfb58bc871db523f836476d1a1b8c816e4f75a880e6a,05f98ceedbec7458b46add7759da08f989cf607b12aabf506641d8aa674fbf5b,aaa791e7136c78a794417a836c61412b5df85f48b9460cecfc2e3f3c043d948bc54d5463d58f52d87692ac3a641fcd8ea0a90c308a8921f00388a44ee7662cff
140,c9c6735a97d599fce23af1fd76df8b1e73181176547e6ea4e797ea57ea2f22797f9f1f41e7c001e05c22e00e094de4daf1f4b8feb8ea0339321a6bffb740a0b0,58153cac9ab1fc6be69d3afd4aa2f5366a003b5c5c48e416d4f9869ce63b0d9d,2b35b8088bbb2de2fd804e1ff679cf5d443e36d1b95e638ff3240d2809a1a5866a3b486cc3519156fdf8a61bd1d0e0b765910023035a21b26f98cbb6f0bebda5
141,90ab9a76cb800e53770b5e95595361e32f2b48765963401ff58e90f9b7b8a8093380ef0c652595eb94baf23e483c02d7baab91f7bc17c685f170898102a3abd5,7d95310a805179b229bd90f77ae38d79315edab589a98ae7e94245ebd3a5cc97,b4443012bb2addbfe94a5744edf301e5aa6f432ef8238c4c67f9c85124057933798473b71c345a0d5f94dd3252a4d3f1f1cba68620e9ca7b0f6ecf0dd1342701
142,d2e36924e9573f9d278aae48742187c619a282424843fc465145efa049833a912329b5e2847da6499c5647663f6b3b5ea128a350969167987f48789c23b220df,b7b137f0e6f6cb4d0c1fe3cb1a3029ec7334666a2005852801ba0362c685fdf4,a9c09d94f56e509dd7430d89811b027a23e46ba4582adb58a9d21d2ebca20ea80ee58aa64b984863aec960b3d02ad7058ec89143145b0c55a884cd1439abb4c9
143,d9d54308fd8d9e5f8fa76c833a04983dec3fbcbdef5bdf5e7ab760a568c123910c2f4905d9ae75084659037678183a3d42b6b36ab3d7423fb1f072129dd9c73f,cdf61ca4f218ab8c54af7048f9328dfe7250b3aaa8878b33461e3392096a1f08,93005405d93eb06ba6f30e53556e856b6a9163b507e4701a34609a81d736a4b360d6980198996d6ba9aaa95c9469ef362f589b619d02a9b0a0c5ee84c06740eb
144,acbc01d2fd9099390833b8f977722a42438160cb97d501e006f30089cefad6ae1d494c5ffad5dcd087f8ade9d55c02c28f877e3ce0a525197093deccf4ae4d7d,c27052a3da448b82ebaf320dae76ac58b6da71c66ab21700930dd63781f35189,d535ea0b7d8e6ff1e0d01473d25c70865186f052b81b7c8c7e7fa69dc10583f169730f4d8f82f66a2c21e26216b03d1f06d847a1cf31a021eb0fa35e477d1d4a
145,7f39dcaf380719b03d8e648f0ab1174c7367e934853c4846f0c350b6602865ad7e972b0d53f56eb22f70cbbf5b613eca492f32c955b0f92de93b2ddb02327bd2,bc8dae16fd2e14e5169e274bdde1e41c423c94671c610039ba501ee8b681c79e,b5164399ea205221d4a71cc1937134ef656155316797b117505b8c5ffcf38bba16a47faea9147bfa57ea2ce04a09b34456ba2e8a8d268a7c9266a2f362f7c856
146,9e33d6d8d29f8109953bee32a41e0187a6ef217944c6ccc8e06cb2daf1d4220c202a7d045280953e1d7fe26c69904400ccc7eef2767e440394aada195fd5fd9f,29a75e1a6b9b6e790f8c68a7e7c3a326f59e6713cf28b55f7df9153995704286,3535cd27e1c0a3cfec63df0160e5b3ff62a4c7f23947bdc5f4aa525162e55fe5740be2102f0110afcb373d3f739e793932691d61674b6ccbee2ab134c57ae818
147,9c5d2651d30cc3327b8f26636a392191f2256a4853c419c6d02379beb0e33fd76e068a2b4252041e6e7a13d3571ceb0cd2a81c73a973364c620e7969ff6fe27d,beea9bbd54445b3f76598df0c0668517df60968d38fa55ddc2fe14b45956708f,8e25d50feaaccc621a75123a0f9edd1b80f923d49d82011353e624278b52825a773c1479dc75c74c9d1a3a22a64f10621e75d3a811f24a8e22ad073ed3e9a7cb
148,bb24ce2183a0ba5bd132b2fcb0eb1eda2a002d014fe036f59b614c94f033ff82feaea938320669c7d388a296089dc3e7b5536762bc48af4a19f28b85aef35792,d29abe0501c3f7fcd7dc2cde6a4427f44c67d9726bdfeb4bb16a68dd1977bb1a,d932bb2b53dee39623cdea35fcbffe2f3fa1eec0b1b602b4f9e3445d679fc905279027855ea8bf1c4fc596331f0b5c56a6c4e4f68f228649400b81544e30efe3
149,be68d4edc4f8a18b87ac2d073a5be46cae34b012102116e0ef3c948f387647ece60205e8bbc333b9f157ff00e53767c3c0696f7fd501d2657aacdd0d86db443a,811c6e482ad01013632c371c9eab97c911c9b79b402e13a97fa26839800fb512,24a828d692f85f5373163d23303fa6acff844db0a973471bebe061e8fcb82d051461df149ca6607ef8226f025006a2b2bea0b8be69cd056a306f2a9674dc0e1b
150,8459e64e34e21983d052d2ef1fead196209afef1e2ef304edd3166dfdf38895fcf5fafe42c361c89eceb4706a32416d8db333a19570b467083ee4568746d62c0,f11cd073e6a2dde9e4aaafe5b7db3b5d9b8a06c152a0e2f852a2683adc823030,48808e98fddf1ca8ff5d5c66b5ef62400011388f8317340fb0e075c7b7e2002488f6427e8e661a05e6aaddd2ab4b6a2acac630ad41c3a1432d912b2464be7309
151,c225b875b14cb141556e2eed31c9b48ade951b3bee92b19783cca161fd0503cf3dded925cb43fec860d9912e98df41bd9b87874e7e50f2511558cd99a607a923,f3f56eded24f30b690ec75d35ddcf181b7b5dc79f6574566b4312199ab08f0ee,994848c2321fb40ddbfa2297deb75163a75d9f85ab6ba811f112bddcf1e68b2cef26dc99e1f0e8f23221f14ed82f67a89db6a44f5b3d0cd11c460e22d6fa31e2
152,b6bfe5bcef515612f277901916f4b9ead7096dfe89e176804439675c364cd6b776ec04f943995827ac8b1bd4cd06097edf8e4409b1bcbccb4c011ea23d98c5d2,178b22a86dd38705dac905dd7c8a826f5029e814f1f0402bf2af1ba9cf56ef87,765fe8e14c9cf2ead5eac6d45129f2c580b0e3fc9cc398474e954a0019b402e26aabe7631b1f878f91d84107679a4de0235f4bb8614b8f85d17ed71c339dc54b
153,b4a01a42ebc81e5cdf6d4a35b09a527504d6a6796ee3e3fed16b132621296a611d9dc3f1df4a526ba53ab06e0be37394a3597695e9e7de9ec1d4304dc7f1662b,41ca50667a2db17e4df39d160a75da26d00e681206fe40c8fe4e739eb6c9614c,edc56bdaea478897074aee7f55619663ecec8cf951d8cc5b28824b3689cf1ab26601e60a88dd4462b9156afbcab1b07038c9aeafec2b1b3e5aa8e6c3f373ac59
154,b713db0d511133bbb7b3e989ef640ceff60d497875524548d23f4b556ee5e9ea54a0bb68e4b8db6c0231fc6f2a20bec1137b96add9919c689570ad4a8224a7e4,95474882edfcfc77aac011c0a255ae475f3e89a002e103827c8d7cc1fc35991b,b862eeb77995104115efb139d1fa3941a468ab773b93faeb7960013aafdcea6afd5d4b83dc71e3b10022e326b3e494c131694d55755b794d4542d0064e7e7e4a
155,85aa1d4b200dd1d11c0df9d9f52df70cd6bdca511447e0b6a61b9a44327ed928b7cb367cc4cae222b1b31b96f9ce5b7f2f48883c0cbc08a0722c45086f011ba1,513979d2018aedbdd189b8b410e7594c81e6ab04ea5851b43915d590c7280c2f,ccbfb7d829a9cc413941ed4976e694e8eb2ae4c350d6fc60d9c51e5d5ab93207971d9153b0d504ec3e88d110ac7cbc2d475d3d1cd741c19f5b451bba876418f7
156,69b6a6ba3b4c3395e7b4b5c63254c472817f31d79ffde0b59091cdd083f9ba4fa2304b4811ce4a3d5c9afe0825694c63b44eb0301e11944ba33e567dcbefac03,96a6327fa0de9bd8e61c13da81ce88b2bd339e8acc5dcd5ab1478802e6ef67ac,7beb1e07b50b5ab91781d2544955f409569f52b03bc36224899312667b877b516844cc75de03a70c91a0e519ddab0be8626cb7bb3415b2d4a81f80310b8c63ca
157,f8bf84d21941088e97b39b3e0918b021921aa6a19a6d64129371084626cc36ba62d4ba8a52b7204e2ea4ad1b483735b7f97828ea77788bd729a0f43b3bb38de8,94a7bfebf11ebc7f3f56a174cc3b21f483b7ebca489ccf9334752efc86aa56c7,58aef93e5cc682ae48f6632ff5a18cbc0694924013ea954108dd51cca6b70eb10fe224d72f9f9da84feab4e03b5235fa40101be35ebb0a542a7229f69cfd8c55
158,2d575bfd02bf68787e31704df311a5d35554b4f5791079084d2174a677ae15af59fac65034966118b075cfc31e269bea56ebb880e532a95b6e26f9af704c3bed,d9362c240b72d5378020b0cd0f8a9a4a05bb834c06a1ea7049b437996bbe37f8,ed66ab81737c384f3a207fde841f53dae024cd3bacd436873aae2da125b8b4bc0f984c776b0675674c5e3c968f12ac00d29806840f66229d0553ed84388ed6a9
159,c363f7d7ad9ccf061f6f403ad51ad8ff4fa2ef19a3e19f5e8d7d8e2b2713e50bfdbf7e3b046e3463bd23c7c741ad08e8e48ec371d248ea238736f9ffb44e87d8,763a799417820a91a868036017177011aef5a95695aa07a7474bce54bf1fcfe1,858bc4a095c80fbfb4f555fc3ed5f1a4a4e03f315d9c9353ec3fa341b742460f74c923365dd79d73ee6966e7f0e13051324b101613fd1d056a0d12353863af52
160,3ba80d1b78e3561283150f556a8e2308ddf62567b39e439ff4a3cabea7a2126dd638dd3bafa5898cbb2c8798e50207136d0f12071141143c57edf45a20e20f61,0a5b1866d7008703219e08fbd1b27f4871fd5a6684c7e68a50545d18a6d5860a,99e058247d07f8adb84000e6adc37ee5927d727871b2b7cc06abc29b4a78dc42ab1f5c3e8858c8917626e5fd1abe241ebbd483269cff25b3c55e249d0d6caf69
161,9af0c7c7c755fb18a9cc68d3f6ecc584e5fb25d62184ce568020454d3eb68b1382aaafb775905ed4029c9e9dcb7027d09c7bec4fa4ffdb9f3290d36ac0a08979,1057425efd4a64ac854e75acca61694d6a8ad364dfc378942eb540b8ee845b35,aa35b5d3e209e00899ced631f7689abd977e0cc6cb2756d287c90e2b461169e755b2c08f0fb8dfb3a5eb92c0f0bd41a55c6b57a2f0d2b0b48b9ea189eb1c1d0d
162,b2ecd4ac48c5aa63f4aea92cdad70c34d328e5a71628a8801e2c443cc2002175d892f0cdd59b3414c4f6f857c706d5a63d79ed5c428860773b1dbaa42848a21b,571dc9d65c85ffcaa7e1ae102d188eed9413f2a178bf23572ce16fa58d5a009f,6405a5dcbdb3ae64b43e5b6936a98e9e74e71e7cea74cb2245cdda02a68402ae4182eeb1a98ea44e2083e3b5ec42b8992d9a0288e9fa47e80b93f125a5559956
163,f327e5a221efe01b0880f1bbdca04792b7f531692d12977b5af25885683aa69c7287693673749e793a0ada6dd6e57a7d21f0fe717f99d26fc45e507404e9e22a,b52d490ea194ad0182f77c9ede5fa3b73b48fe1ad9eaacc7aa19134ce10d1ed6,60626bb2444262f1992846ba2b6f4bf4c98e32acd86f780e67f3a88aea544cbcc38b860dc850cfb255ed9cc879c53ef29a8e624b61728a92a8b2b7bee738c5fc
164,2a867afbdaae9cf324e275beddcee86ee30257b5d4eda2b55e87e56366b664dd57ecb2973fd53936fb12cdc8808c1351c1550159a8df7cc26dc5618c9369f87a,9a6a4d67f7ad91a8b1afcb7589bf3d96498b16f3a904e4c2afbf83819582a90b,fe4bc19ea29f60b874cd3747f6764fa1fcca6bdb920d3626ae0657685bd9e387d36a9f16b6d54f8b893f85d5dbbf48c4684f23b5886dd9f5564b17be4b7a25f8
165,eccb3f30bef95cf3444b50d387ab5275c76aead5fb34a890dc392c3d46fa44c0a929f88a0671b4eb14fe89014cc39064e24392faeaf73a315bbceaf53ad237c2,f6c2da35c697223c50e4a36f19d326c6c75376dd37693a5ee415bab321300c67,ddd1932b4b38595a6043838cb93e8f906a89e543dc97e68e8ec3839ea03a5423dedc02203c6f7287f65c4eae2744d1033ac50f8689263914a2df54b3e850f933
166,95aeb736ba222584831211caee85fa48cbb5dea632700473e13a78270d56f75325fb3c21841625bba0f56425d205bfb7cb3621c17b9b611a274e74ee19d9321c,65312a03f39f1b47da25b686e7f758dac19d09276fd4cd9e8c2b0dda235837d5,2ccd00b2f8a89735117141ee6d14529c45861e7d6396fbe193870f3a1d16fbd87dc578e5c297f9b885680d2142b491f6f5ea198a24fa7cc80e4a6163c7b399ae
167,81e3cb6211c84445185275d5e89ca94ca980bcb15d9df6e3218e1fd9e702bb1d620875fbf8ddc87c9387c2d0e0e9d46ea4e4df5d84f9dd27dbd522ef6ed13401,1777c1c6bfa045822b15fba53d77f369bf141897c1e63496a2c87d19941e5904,797e77692ee345f9d8421ea74aa08c1b3a4036c4009d6dfe6facf6cd6a4a429708a822ac46b41c1541f8cb59487cc9676eda933334729d13755831f06ed7cf4c
168,1f995a81ae16022e993cc1bc7746c86922b94a461cf07a0e4381715345af823d105d2925079790727f2b3ac5a601c79dc083d5ab076aabb8b6203bc2510a6e26,5fdff80f093461b926ae92222d7911eb91a1d6a02a4a7c94c878e147efcf5806,c81c9de50eebf86f9264c943a98b4bbb3a813fbc7864c9004cba35fff763405834e2d7ddade218e08807e8f953096bfa5f619069fa89ece3c27ff4573da33918
169,a527ebaf48698d972d1342e30e08114ba882fae6231487bad519fa2262ad5a16512f2996f29a8da545d5f3285ff37c2cf360f8a21e5646b0fb0b3f2eefb670ac,cffaf9345a67aff5e32a06c5d2969798f2a7858126af72c52432ad249f41af67,7a52f32054c87e6b8b57e592ce245d849ad2b6d28bdcd3220708d92cb91f884711d4a533c9e7c86a740f948af66d126a01aaeb7a6f0f90a7d0efa5698797113d
170,759664eb647acba08b97e33238126beb13b57cd1848bb7770ae2d963d9eec695e2f93c023e8828f1d383703bc59d557a51857f59ca04aee80a5ea5f801078298,da126def79b9dd9dfd1133cb91e0e3f611093ef5b3a1f52c3bd8ccb271fa95f2,0622a7e2343db14c9aebea5a3715217e75a47f8f3948f43ff5c39b52108ce9c4902504d6fa4ac14655fa6d60a531f8a99829315e2040e9d066db3f56c9357add
171,8289dda56af0636b78b3a8e9d983f913cd7d85bec3e39937ddbcb8c2038a283aff154b75c9d65fb53e08e52b421f91339c62cc9032d1ca99b40e6a0cf6f03d89,4f9c11dfacf8b4d21398b640c106e813126d0950b6811ef8d07a4a3d1e3a79ba,098fb885a9dd8961332910f81209b137f13c6365f6c905afdd267ec8d8f014e9aed5f954e7abdc555322545d50c413d69f814d2daf587d9d6e02a3e2396a4f1b
172,19bfd251102181e059d9a61a59d11c1d2d1dcf5abdb8f0821e1627ff19fc5da24a76f15abe5123d4086b3fcfc16d2cc1c6e5149564207904bf6fed42ec302325,5722342ac28597dca94cbd12d96115d2d206aff2c99d3521f3dd3b9a10383846,b24c6926eb1197b8228084d856bc522c9dd1ad2f358e1dcafc1867e2c4041efeb0e288889408acc66083299676d2ed9e3498dd26651159ce9da370889ef60f6f
173,522732144c3df0f32e7bcc47d317380ecf1852139dc3d5fa0fe018ccfa598fcbc5562fa10258c64f74a2dee86f8907ae34bd5f27a42e5c09ed771873bfce7dff,f1e1baa74e943e37261b2765c3061c2143ef5d7d193590a41657de3ae6655b64,fffef5f4108681d8bd37613070babdefd40e97553625a42e3a91e564ef2cdc560972485a20e234cf8ac0de0478dec5aa5a3e9c417791524e93ebdff75ce73166
174,6f092b824f144753edf89b5f2bf50ce1aa2a5e41a7b984db8e904c2ba339e11b6a7b687e315e3449d10e25549d80aaacce447be2b5d66f388f4537f069c262fa,575bbdd14d7bfd9d2651e66ca7c07a9f0e9446550a53c128ac41c0bf77e46c96,fc90eb259b98943551fe7cbad591173be1b264f06b79cf8af9d50e1cb02ffee4fabc71a8a9edfc212bbdab20a8cf47f6fdc2f82457b9c710f6062755a56e1bb5
175,eece96af39ea431ea77e26cebd40143963e1da58dcb3d02cd442eed9efad0097a3686c454a2cd946ed1c0ab67d7c08efb6a537ff13d016a90ba39cb9351c57b2,cd33375d0dd1289c04485b1fb93460f744c74ffe8cabdd30aa9a39551564061f,81ea17e8b21e61c3942632c7d8473cf728083c0a36af284c17218ed8406501346ecc5c05b9005c50b9c4bab69271f2f879040a839b007bd224fa4983a745157a
176,4611b2227e11ab24cb68c382bb32212028e6c735eeb086ada4116646866a87396b03e511523c4da5432512c176729533f1ef061aaa20780470cc75b29221813e,81cd91d379d34a60a35c729953e1fea67c1e81f8b53eb75e9122e9c5259baecc,95cecbf2ec0885df1869a0d0dc948e6e3573b0793dd14dd27e34efb42cff497c9b36b1460401ad0e93e9b0ad78ef56e565c9ff8f8ac88895126c6da7526f1f85
177,89c315d898e51af09a99ef7946e3b4a770cb3667e9e1dea6a224d6cfeb643670932601d747af3c485826fa96d3cb6d733540db99f398edbbe5e048fe9c99c21a,0da39c15cee2624c7d74c05c67b2800b05bcd9aab214baae6b0ee910057e0aae,c0d6d7520816b2c5498ca678ea3868798ec65bfaa90a01b166e52c0bace4ca944be5df0220d94fcd35abed96e96c7c167d83a1274aafb04e35eb3c4eef41e47b
178,1502903c2a703f12578df2fb50f63c4a667a49318e9a9dc5ea1d6090d1e0fb6d9a971483f2c03e765744836c0c63d9842fdf3ede6338e034e54046d32033165d,6989f4fb1f3e66f38563c1e6bd109e29de2e97282d7d625a8b3c0629d3252a33,a15ce57449762fc426ccb36bb1286506b6226ba64b0c124d4ac59431d4394c7d9734acc777bede7e1137dd75aaa3fbb3048c42fe521b88f8db8bdd596920c2b1
179,8f1fde518244c9f8a6b196aa423168fa519f91bc3e1a9088293735010f2bfbd20b9e302eda13a9c84da2ff13d0361a863bc14d38efc7c8e0c3616586036a50e3,9766694563867ddbb8e1afd1fac5dfe85b00ead77fa99b8deaac9cd4c0383e8a,169941f8321b02dd91ae36902959d78f761bda2d82bf5a0c21be0b30cc8cc76e4cfe44aa5dd0dcd31f4acd20a91d8356a373ad8dd0b2831e485c48e3d1705568
180,4d968f802c6dd668937af575ded931ddedacbcc3076b11cf3c3b858433ed9236a4a36a135c3acc82cab1c2d2e57dbc622d3013eef383f96634f228914defc582,313835c69b286ceeb4c64b3b6c25d172abed58aa7362e924e15d75f305406fb0,16d40e325860672cb526e42bd6d2dca137e47fe6d15b3210f7e6214af2e8506cf85a6f4edcce17c9c5c5a8efa3c759cb4f8a4464de314a70a3221335b67fc34d
181,e6b0d3ba3df863ecee86c7a9f0eb58414e7fba06993d98ca51dcc5bf4bd87853cfd0466f504c4d843480db90ab8848f21841375af7a2acd532ee11be1e3a1b41,29900450c0d031f54922460ee90bead40e511d13c9bfe8389779d22d488ce899,c2955d5885a6bf4ec3a3c158b8460242427efae85859433b0816468ae9cfe82345637303d1c6a6dab78f17d740f8f309129157be642452d88af1e740fdcaa5c2
182,c4db41dc94b1da3800043312eadb88c64714f02023bc0b08ca3ee406ce705abd9a574f0cc8b80978abc1585eb3436c2694ffbbe4b0b345b53c718e36a5b4dce3,98ae3b6dcc349eca0e6b483ab51141fe1085753aca2112f45567152af2cdf68b,37e0b027e3e5ee40fd221856239889435da9b8e1697b0c9a13915350351fcc27a2632e5d6ab3bc18733ead976a976e0740e7be9c0c8901e755960bda825a7206
183,3c460b4a5ca8fe27ca85e7ed062b5d142c964fb8802521936eced960c0caf9561482df3a006cfee1a714e785a76880ee44cad814b61952f2a96f59cb0ed061ad,035750a626651d346e2c9895d8eac481fa880617a87460a3b08e5db1c15246a4,ba183a2c7ddc99880c077c9cfedecc73a29589a6c0bb02fe72ef63a23ad2fcfc2922db7a47c8638ecc2e534ff9035d19ead47d0db0dea22ab6ad0492c3121be6
184,2de7ce43a4cdaf94b2da1e10803f8cebabdfb97965be9b945b0401de743c32fce0b1924015039190d3551dd8abbf4e7305d0167b7443375342e9c9dc1052ccd7,7955fc55614527a6dc3cc4dcea5bfea79f532c80d4597e80069059695b121a0d,359c1a62d615cb7f3606a25ecf563aa0708b97fbbc7626648a5b9730e24ebd1d81461a001a1bc7a6294c315a180b0092fdb495a1299ca7bde61a6315721148d5
185,3c357c39cf15da74288c6af09d121c9567a4193ad7ff30977af63e334d767be7329bb7d0eba0c178fcb3313ad8a677425d8caadecccce6f826f607e0bf328196,a062f795444019eb9a31c43f0d100b73afd5a61cdea410a5d6a1d658c93005a8,4f2c49bf263ab20a2b333fa12ca8351895d5c4e6185ca779742c7decc9eaad1ceed398c063c9a7d6b27707491ccab4b7f29494c3f2e2f0942e5d013a1aafc964
186,a9b007a07275a58a4e2676379228463e0bc1b4664ee07eb1484ccb4d0307bea3875afeaa87f155017c5991cd6af4a3248c208e7abd4f89cbde3a9374b2e77f62,bb10bd9be1d237ca5539e9109b0c6b010d2c9e2a7a7473d8b0c7c321f4b56cb2,bd2ac5cbd94d7f963305b6ecf5e0da6ba179c5bf61d07a6394c6c7381824911785044c231478c22a6946115821629b2764ae75a0063df880b9dbe72c32d81e21
187,c1a82a0359ecc212453f7d4808b121d5a84fcd9cd53215db6aba0f6a15799b7f7291d438cf1d33f560b913afd4c7731ddcb8449b529427d4dc536c0a7fed890f,9a582c087ae939a0edfceaba53340a6d5829f5378212c88b3b1e75182ad3222e,b688d622dec599bf5b5493887a2b480d7d297ac9176ba599b0c1b4b92f34e25efd58381d318f715e8c8bbc132f3ca4da57da443245ccb4751d06f41e2b25a982
188,8dfb722110f7b8432360715e2e85c03383dff4786f46621fc0bc087e7755c8bdcd96b2ab637fad56ed192784ae2af01226a106188751b5ecd3c5d0bb32837561,20a687caebb52fa9770dc6226b46caafafad4716e16863c6428c282a0a7bc468,197f4a76b8aa5b5ce36504487bccfae1a5e225a157e956d8444782d65ca460f84b83eb091af86ae123bf62b8f0a1a94026514599e13ab4c3255681ba9c084392
189,93aafd5a6ec5fe363b8f702ece20ef6b0cb7b0d2de02b964b3cf4b87a099be65693f0f5b8fea0f75b54818a92444a2495f3d3214fd12cbb32b51e8256d625f17,6a2ec1d5f587e6e762450a2dff366ea84232af02da7dc154f7e9b0dd6919826e,2e7b8a7c295567e5b1e9de5180b85f0f90e7db1186d8b1eee004283fed477f9f985685e31486ecc359c3744c8078778d20b40706bf5a942c25d44ccb5780cd17
190,485d1b28d61fdd0e5764a08ff6af42621d9fddea12ae6b841681f62942732880a1b69c3bafb6d11aa84f52126c95068457862ebf8f1ec55395fc85223f1e2767,11db64a1ba7bfe8955c979f3bfcf598d05b5f085bed4e9f53f02de48f61608a7,28221a8271a99f059aa802c2c5ec471090d2c72f2a0cbafdf9902a841b938abcc2892e8a4ac7022c913d93506178e5427eb4450e51a3bbbcfdd019353fdadf74
191,10376156fe82b40eb691b7508954e3757c75a0bfadc9d2f99da6e8066dde5d2ebf9d7d60fe328339038076e66ba6f1dcbe864ac0fdaa66d730a2e5f2f9246ccf,6b1dc137ec8a962df57a567abf6f6e49fd4238ba0823edd16eacd6a101143de2,cd2e4b913ff2370db92aa988a22d8b076cf708c8d2a7f579069e64f7d6bc2f1ec536b06245da48c63c9d695b14c3ba0ffc82e4204e53f1b9a3191179e858e91d
192,91c05aaddc3a9cd890b46208fa66d80b6d7d984182bd05e1f584913635969a2f8f02399b250a71e97dee77980771a65a18a48c3e409b27acf469983ce137bcf0,73ec947b27c2047389215b3d40f80602f3a83ea2745d5219623b23fad1a61ab8,6ba2dab9cd9c46c00908158bbd9a56f0778747ec5b54126e0fef32db971c84721a45904e17ee6c6effbcb84318632f77c872d3e5dc9f53fc3aff0f127548d335
193,35bd2ba021cc6c9ff4cfb002f96fa1fe733cbed4095623f30ec5a6e12b28fea6f06968d48eed40893f1cf5719b8bb4bf77853b7e521fc4b5b4ee71d162104694,4dfa4a565296ad8bf75bbf9397a31797d4632d89bca009ff0cba8a077189c9f4,ec5c78d754415b431592c2acd3d538544e95e5ff36780b71e2080eea6c62579d1df6b610880035924b760069865c40fa0edd7123271eda2708bc237baa401654
194,dc41865c2b09a7a10c3073544a5a11d41a6a5c11a353ba96a7ee068799937e04c1c35c41dc440d7f415f7d3fdec2f027c14c92fd540c8c2aa220eb6bf7889ac0,2aad69ef1dc9792f4cd4705003f40a9067f3226dc5a2daadae934b3d92987a74,e60df11f43fda7987f0b7a2ede8a3bb96e302205386d74e3d86d1505eb6b677cfde0aaeb1a603448387208ce819d368002846379d4fef87b61e9c66798100341
195,df08f6afd3987cea8ecc47f4504c8793b9cddbe482d9f0f1e6875e98158dcabb787068aaeeb36f7d80b68a386f9a1464e07ee2a8645efd2327dd96ae01e9b654,4b40095744b0a0b485421e8514137a2562cbc52e5096b5c60e7e606c0fce73e7,bedd623828da3299d5b4e18fd6def759d799e64e8b4a6b99f31cd4624010f458226e10807e4695ff83d27db343176b4a04671662fe32837f73dcd9ed64120c33
196,a9c419b8a37de8849286fbff9c1f9ad543bda8717d76edb68dfc1c0438a96f9f0b49c8594a31a09cfe57f98094f83c1ef32ae837114b5ac92ca6a55015518477,f307e05059764e06e525d50783d3d5019dfa762f5ea053d9b0b0b46f88cb30a1,ad015bbd4133887dded08fff7f863c8edc5e1812856c66cb4dd624e76d249613eb9a7be2434587f8b9bc79a35567fb3605f577772367f70e9cb39221f14c55c0
197,27af8183bfef7626bf5661b337840da7244c803684a1779068a7cfa072f2b900b8cfced09855c5f6e27de295673b68890ffac5e0df01a48f44016db3ea3640a7,822eb2f3f2cca487320448da32b7831d23cd49f5dff65f20f21533df5131d24d,09266089151229481d5d07a2fd5dfe3d7079c125fc28c210eafe8186112eee36de625b294f54e55322e2ed149dc32d14c9ab21b7a272204afd75d5b489ea44bf
198,868fae6d86f49600c83b5e49f80d8299c3ddeb5d0eaf1cfd4a2aaa4e6b40d35de6dd602656c562b3cb1ec9d1872a3426cb90adcefab502f8711c77ac57047344,ec06192502eb99d19f41e17e852763c39c2d6f360c86021a05f816e8463f984b,540cf86e202488ef0cbe633a575c31d108b82f0ba7797ba1edfde7adc765e719b16b6f00c1e97a16050e12a4e3498fda55c92ec7cd4e45f8fc1e658a6de9297e
199,373d8b87101061f55a3464bbdc0df11ec9bd68d70dc33f75975417889790a5b5c7ae542d3a0143132903ce3b9c42fda8b490f7898927d76d4dfcef3ca8f71d55,d5bc145e67be4322cee85135b4ad7741e8d80da7c6597fb278938db640ca52a6,bb679bada66069b6a3a8e79acef4b0cb996dffe3b45f440a37489283257605c04f0d35abc18430261936c7e14e2c935fb3dc79d967e1c9f0fed008d3a574e5e7
